YEARMODA,TEMP
2000-01-01,76.0
2000-01-02,77.1
2000-01-03,76.0
2000-01-04,77.3
2000-01-05,76.9
2000-01-06,77.5
2000-01-07,76.8
2000-01-08,77.2
2000-01-09,75.7
2000-01-10,76.3
2000-01-11,77.0
2000-01-12,80.8
2000-01-13,78.7
2000-01-14,79.2
2000-01-15,77.4
2000-01-16,78.7
2000-01-17,77.4
2000-01-18,77.1
2000-01-19,79.6
2000-01-20,78.3
2000-01-21,79.1
2000-01-22,76.5
2000-01-24,82.0
2000-01-25,77.8
2000-01-26,75.3
2000-01-27,75.6
2000-01-28,78.7
2000-01-29,81.0
2000-01-30,78.9
2000-01-31,80.1
2000-02-01,78.6
2000-02-02,77.8
2000-02-03,80.5
2000-02-04,79.1
2000-02-05,81.8
2000-02-06,81.0
2000-02-07,81.7
2000-02-08,80.4
2000-02-09,82.6
2000-02-10,82.2
2000-02-11,83.8
2000-02-12,81.9
2000-02-13,81.3
2000-02-14,81.4
2000-02-15,81.1
2000-02-17,80.1
2000-02-18,82.8
2000-02-19,83.3
2000-02-20,85.2
2000-02-21,84.9
2000-02-22,83.8
2000-02-23,82.9
2000-02-24,78.7
2000-02-25,78.5
2000-02-26,80.6
2000-02-27,79.6
2000-02-28,79.3
2000-02-29,82.4
2000-03-01,81.2
2000-03-02,81.5
2000-03-03,82.5
2000-03-04,78.9
2000-03-05,81.7
2000-03-06,82.5
2000-03-07,83.4
2000-03-08,83.8
2000-03-09,85.3
2000-03-10,84.7
2000-03-11,84.7
2000-03-12,83.8
2000-03-13,86.0
2000-03-14,87.2
2000-03-15,86.1
2000-03-16,85.9
2000-03-17,85.1
2000-03-18,87.0
2000-03-19,85.6
2000-03-20,86.4
2000-03-21,83.6
2000-03-22,85.7
2000-03-23,85.9
2000-03-24,86.0
2000-03-25,86.5
2000-03-26,86.5
2000-03-27,85.3
2000-03-28,85.4
2000-03-29,87.1
2000-03-30,85.4
2000-03-31,89.7
2000-04-01,82.2
2000-04-02,87.6
2000-04-03,84.8
2000-04-04,86.9
2000-04-05,86.1
2000-04-06,86.2
2000-04-07,87.7
2000-04-08,88.5
2000-04-09,92.0
2000-04-10,88.1
2000-04-11,91.3
2000-04-12,89.7
2000-04-13,92.0
2000-04-14,88.7
2000-04-15,92.6
2000-04-16,90.4
2000-04-17,91.1
2000-04-18,89.8
2000-04-19,87.3
2000-04-20,88.0
2000-04-21,92.0
2000-04-22,90.7
2000-04-23,91.1
2000-04-24,84.4
2000-04-25,88.6
2000-04-26,88.0
2000-04-27,91.5
2000-04-28,91.9
2000-04-29,93.3
2000-04-30,91.6
2000-05-01,91.0
2000-05-02,90.3
2000-05-03,86.6
2000-05-04,87.6
2000-05-05,89.0
2000-05-06,88.8
2000-05-07,90.3
2000-05-08,88.8
2000-05-09,87.6
2000-05-10,84.1
2000-05-11,85.9
2000-05-12,87.8
2000-05-13,91.8
2000-05-14,92.6
2000-05-15,92.4
2000-05-16,94.5
2000-05-17,90.9
2000-05-18,89.4
2000-05-19,92.7
2000-05-20,93.1
2000-05-21,92.4
2000-05-22,92.3
2000-05-23,92.3
2000-05-24,87.5
2000-05-25,85.8
2000-05-26,86.6
2000-05-27,88.1
2000-05-28,90.8
2000-05-29,91.1
2000-05-30,87.2
2000-05-31,84.3
2000-06-01,86.0
2000-06-02,84.0
2000-06-03,90.1
2000-06-04,87.3
2000-06-05,85.1
2000-06-06,84.4
2000-06-07,86.1
2000-06-08,86.5
2000-06-09,87.1
2000-06-10,90.0
2000-06-11,90.5
2000-06-12,86.5
2000-06-13,86.8
2000-06-14,88.1
2000-06-15,88.7
2000-06-16,87.6
2000-06-17,90.2
2000-06-18,87.7
2000-06-19,89.3
2000-06-20,89.5
2000-06-21,88.0
2000-06-22,88.6
2000-06-23,86.3
2000-06-24,91.5
2000-06-25,92.1
2000-06-26,88.9
2000-06-27,86.2
2000-06-28,86.9
2000-06-29,87.2
2000-06-30,84.2
2000-07-01,89.7
2000-07-02,88.3
2000-07-03,85.2
2000-07-04,85.9
2000-07-05,85.1
2000-07-06,88.4
2000-07-07,86.8
2000-07-08,87.6
2000-07-09,88.4
2000-07-10,89.1
2000-07-11,86.4
2000-07-12,88.0
2000-07-13,88.6
2000-07-14,87.4
2000-07-15,90.5
2000-07-16,89.7
2000-07-17,88.6
2000-07-18,89.7
2000-07-19,88.1
2000-07-20,90.1
2000-07-21,89.3
2000-07-22,84.0
2000-07-23,85.6
2000-07-24,86.8
2000-07-25,86.2
2000-07-26,88.6
2000-07-27,92.4
2000-07-28,89.2
2000-07-29,85.3
2000-07-30,83.7
2000-07-31,81.3
2000-08-01,82.6
2000-08-02,82.6
2000-08-03,84.1
2000-08-04,86.1
2000-08-05,83.7
2000-08-06,82.8
2000-08-07,83.3
2000-08-08,84.2
2000-08-09,83.8
2000-08-10,84.6
2000-08-11,87.4
2000-08-12,87.3
2000-08-13,84.7
2000-08-14,84.9
2000-08-15,80.1
2000-08-16,84.8
2000-08-17,83.0
2000-08-18,82.6
2000-08-19,85.1
2000-08-20,84.3
2000-08-21,82.4
2000-08-22,82.3
2000-08-23,84.2
2000-08-24,85.8
2000-08-25,86.0
2000-08-26,84.0
2000-08-27,85.0
2000-08-28,85.7
2000-08-29,86.4
2000-08-30,85.6
2000-08-31,87.2
2000-09-01,88.0
2000-09-02,89.8
2000-09-03,88.1
2000-09-04,86.8
2000-09-05,85.5
2000-09-10,88.2
2000-09-11,86.0
2000-09-12,83.4
2000-09-13,83.4
2000-09-14,84.9
2000-09-15,85.2
2000-09-16,85.8
2000-09-17,86.3
2000-09-18,82.6
2000-09-19,84.2
2000-09-20,81.0
2000-09-21,80.5
2000-09-22,81.6
2000-09-23,81.9
2000-09-24,80.8
2000-09-25,80.5
2000-09-26,79.2
2000-09-27,80.8
2000-09-28,85.1
2000-09-29,82.0
2000-09-30,79.2
2000-10-01,77.5
2000-10-02,82.1
2000-10-03,82.7
2000-10-04,83.3
2000-10-05,82.1
2000-10-06,80.5
2000-10-07,82.2
2000-10-08,82.6
2000-10-09,80.3
2000-10-10,82.9
2000-10-11,84.7
2000-10-12,85.1
2000-10-13,80.9
2000-10-14,83.5
2000-10-15,84.8
2000-10-16,84.6
2000-10-17,83.3
2000-10-18,84.0
2000-10-19,83.1
2000-10-20,84.1
2000-10-21,83.1
2000-10-22,80.6
2000-10-23,79.8
2000-10-24,81.7
2000-10-25,80.4
2000-10-26,79.5
2000-10-27,81.5
2000-10-28,83.4
2000-10-29,83.5
2000-10-30,83.9
2000-10-31,83.6
2000-11-01,82.4
2000-11-02,82.9
2000-11-03,83.3
2000-11-04,83.1
2000-11-05,82.0
2000-11-06,83.0
2000-11-07,82.9
2000-11-08,80.4
2000-11-09,81.6
2000-11-10,81.8
2000-11-11,81.7
2000-11-12,80.3
2000-11-13,80.1
2000-11-14,80.2
2000-11-15,80.9
2000-11-16,81.4
2000-11-17,79.8
2000-11-18,77.3
2000-11-19,76.3
2000-11-20,74.9
2000-11-21,75.3
2000-11-22,80.2
2000-11-23,77.1
2000-11-24,79.9
2000-11-25,80.1
2000-11-26,76.7
2000-11-27,76.6
2000-11-28,78.7
2000-11-29,75.8
2000-11-30,79.0
2000-12-01,80.1
2000-12-02,77.8
2000-12-03,78.8
2000-12-04,81.1
2000-12-05,76.6
2000-12-06,77.0
2000-12-07,76.2
2000-12-08,75.6
2000-12-09,79.1
2000-12-10,78.6
2000-12-11,76.2
2000-12-12,74.4
2000-12-13,76.8
2000-12-14,74.7
2000-12-15,75.2
2000-12-16,77.1
2000-12-17,77.3
2000-12-18,75.0
2000-12-19,77.9
2000-12-20,75.8
2000-12-21,77.0
2000-12-22,77.0
2000-12-23,79.4
2000-12-24,77.9
2000-12-25,78.6
2000-12-26,77.1
2000-12-27,72.8
2000-12-28,73.0
2000-12-29,77.6
2000-12-30,77.6
2000-12-31,78.2
2001-01-01,78.1
2001-01-02,79.4
2001-01-03,77.9
2001-01-04,78.0
2001-01-05,77.8
2001-01-06,76.7
2001-01-07,76.4
2001-01-08,78.6
2001-01-09,77.0
2001-01-10,78.0
2001-01-11,78.3
2001-01-12,77.3
2001-01-13,77.8
2001-01-14,75.9
2001-01-15,75.9
2001-01-16,76.5
2001-01-17,75.8
2001-01-18,78.3
2001-01-19,77.4
2001-01-20,75.6
2001-01-21,76.3
2001-01-22,77.5
2001-01-23,78.5
2001-01-24,79.1
2001-01-25,78.3
2001-01-26,79.1
2001-01-27,77.0
2001-01-28,77.5
2001-01-29,75.4
2001-01-30,77.3
2001-01-31,76.9
2001-02-01,81.7
2001-02-02,82.1
2001-02-03,81.8
2001-02-04,81.7
2001-02-05,80.6
2001-02-06,77.7
2001-02-07,78.6
2001-02-08,78.7
2001-02-09,78.1
2001-02-10,78.5
2001-02-11,80.4
2001-02-12,79.0
2001-02-13,77.7
2001-02-14,78.2
2001-02-15,80.8
2001-02-16,81.2
2001-02-17,81.3
2001-02-18,84.8
2001-02-19,84.9
2001-02-20,85.2
2001-02-21,85.1
2001-02-22,82.1
2001-02-23,84.2
2001-02-24,82.3
2001-02-25,84.2
2001-02-26,86.0
2001-02-27,84.7
2001-02-28,82.3
2001-03-01,80.2
2001-03-02,81.3
2001-03-03,81.0
2001-03-04,83.0
2001-03-05,82.6
2001-03-06,85.2
2001-03-07,83.9
2001-03-08,83.7
2001-03-09,85.1
2001-03-10,83.8
2001-03-11,83.9
2001-03-12,84.4
2001-03-13,83.9
2001-03-14,85.1
2001-03-15,83.2
2001-03-16,84.4
2001-03-17,84.8
2001-03-18,83.6
2001-03-19,84.5
2001-03-20,86.5
2001-03-21,87.6
2001-03-22,88.2
2001-03-23,90.0
2001-03-24,89.0
2001-03-25,88.7
2001-03-26,91.6
2001-03-27,89.9
2001-03-28,90.0
2001-03-29,88.5
2001-03-30,88.2
2001-03-31,89.9
2001-04-01,88.6
2001-04-02,89.0
2001-04-03,86.9
2001-04-04,87.0
2001-04-05,86.5
2001-04-06,87.9
2001-04-07,85.5
2001-04-08,87.1
2001-04-09,89.5
2001-04-10,87.7
2001-04-11,80.8
2001-04-12,80.7
2001-04-13,79.2
2001-04-14,84.0
2001-04-15,84.7
2001-04-16,85.6
2001-04-17,86.5
2001-04-18,86.7
2001-04-19,86.5
2001-04-20,88.6
2001-04-21,88.6
2001-04-22,89.9
2001-04-23,89.2
2001-04-24,88.5
2001-04-25,87.1
2001-04-26,88.8
2001-04-27,90.0
2001-04-28,93.6
2001-04-29,93.4
2001-04-30,87.5
2001-05-01,89.4
2001-05-02,92.2
2001-05-03,94.1
2001-05-04,92.2
2001-05-05,90.3
2001-05-06,91.5
2001-05-07,85.9
2001-05-08,91.1
2001-05-09,92.0
2001-05-10,91.8
2001-05-11,94.1
2001-05-12,88.6
2001-05-13,93.6
2001-05-14,93.8
2001-05-15,92.0
2001-05-16,91.6
2001-05-17,93.0
2001-05-18,91.2
2001-05-19,87.9
2001-05-20,89.6
2001-05-21,89.9
2001-05-22,91.3
2001-05-23,88.7
2001-05-24,88.9
2001-05-25,91.0
2001-05-26,90.6
2001-05-27,91.5
2001-05-28,87.1
2001-05-29,87.9
2001-05-30,89.4
2001-05-31,88.7
2001-06-01,90.6
2001-06-02,86.7
2001-06-03,81.2
2001-06-04,82.9
2001-06-05,80.6
2001-06-06,86.5
2001-06-07,86.1
2001-06-08,89.6
2001-06-09,89.8
2001-06-10,87.5
2001-06-11,83.6
2001-06-12,86.0
2001-06-13,85.6
2001-06-14,87.4
2001-06-15,88.3
2001-06-16,89.9
2001-06-17,89.3
2001-06-18,88.6
2001-06-19,90.0
2001-06-20,89.6
2001-06-21,91.1
2001-06-22,89.0
2001-06-23,88.5
2001-06-24,89.2
2001-06-25,89.1
2001-06-26,88.6
2001-06-27,89.4
2001-06-28,89.2
2001-06-29,90.2
2001-06-30,88.4
2001-07-01,90.4
2001-07-02,93.4
2001-07-03,88.7
2001-07-04,93.9
2001-07-05,90.3
2001-07-06,89.6
2001-07-07,89.4
2001-07-08,88.9
2001-07-09,89.5
2001-07-10,90.3
2001-07-11,87.9
2001-07-12,87.2
2001-07-13,89.3
2001-07-14,87.3
2001-07-15,87.9
2001-07-16,87.3
2001-07-17,87.5
2001-07-18,89.9
2001-07-19,90.8
2001-07-20,91.7
2001-07-21,89.0
2001-07-22,89.1
2001-07-23,89.8
2001-07-24,87.7
2001-07-25,86.8
2001-07-26,80.6
2001-07-27,80.8
2001-07-28,84.7
2001-07-29,86.4
2001-07-30,84.8
2001-07-31,81.7
2001-08-01,80.3
2001-08-02,83.4
2001-08-03,81.9
2001-08-04,84.3
2001-08-05,86.1
2001-08-06,87.9
2001-08-07,87.2
2001-08-08,86.3
2001-08-09,86.9
2001-08-10,89.6
2001-08-11,84.8
2001-08-12,88.0
2001-08-13,87.5
2001-08-14,86.7
2001-08-15,88.7
2001-08-16,88.0
2001-08-17,88.7
2001-08-18,88.7
2001-08-19,88.0
2001-08-20,86.5
2001-08-21,88.6
2001-08-22,90.2
2001-08-23,90.9
2001-08-24,86.9
2001-08-25,86.0
2001-08-26,88.1
2001-08-27,87.8
2001-08-28,86.9
2001-08-29,87.2
2001-08-30,86.2
2001-08-31,88.0
2001-09-01,88.1
2001-09-02,87.8
2001-09-03,88.5
2001-09-04,88.4
2001-09-05,89.0
2001-09-06,89.4
2001-09-07,89.5
2001-09-08,90.5
2001-09-09,86.7
2001-09-10,86.2
2001-09-11,83.3
2001-09-12,84.1
2001-09-13,84.6
2001-09-14,84.7
2001-09-15,86.4
2001-09-16,82.9
2001-09-17,85.6
2001-09-18,84.1
2001-09-19,84.2
2001-09-20,84.8
2001-09-21,85.5
2001-09-22,85.7
2001-09-23,82.5
2001-09-24,82.9
2001-09-25,82.5
2001-09-26,81.4
2001-09-27,81.9
2001-09-28,85.6
2001-09-29,85.5
2001-09-30,83.3
2001-10-01,86.6
2001-10-02,87.9
2001-10-03,84.5
2001-10-04,83.1
2001-10-05,76.7
2001-10-06,82.5
2001-10-07,86.0
2001-10-08,85.1
2001-10-09,83.3
2001-10-10,80.9
2001-10-11,84.0
2001-10-12,83.4
2001-10-13,83.4
2001-10-14,84.7
2001-10-15,78.4
2001-10-16,82.5
2001-10-17,83.8
2001-10-18,83.1
2001-10-19,83.6
2001-10-20,80.8
2001-10-21,80.9
2001-10-22,78.3
2001-10-23,79.4
2001-10-24,79.5
2001-10-25,82.6
2001-10-26,77.4
2001-10-27,78.2
2001-10-28,82.7
2001-10-29,79.8
2001-10-30,84.6
2001-10-31,83.2
2001-11-01,83.0
2001-11-02,80.7
2001-11-03,83.0
2001-11-04,82.4
2001-11-05,83.0
2001-11-06,80.2
2001-11-07,78.0
2001-11-08,79.6
2001-11-09,84.3
2001-11-10,83.0
2001-11-11,82.7
2001-11-12,81.3
2001-11-13,80.6
2001-11-14,82.6
2001-11-15,79.2
2001-11-16,76.9
2001-11-17,79.4
2001-11-18,77.8
2001-11-19,78.6
2001-11-20,79.6
2001-11-21,78.3
2001-11-22,75.6
2001-11-23,78.9
2001-11-24,81.2
2001-11-25,74.6
2001-11-26,77.6
2001-11-27,79.2
2001-11-28,79.2
2001-11-29,78.9
2001-11-30,77.3
2001-12-01,80.0
2001-12-02,79.7
2001-12-03,79.6
2001-12-04,78.9
2001-12-05,78.2
2001-12-06,78.7
2001-12-07,76.8
2001-12-08,80.4
2001-12-09,77.5
2001-12-10,76.2
2001-12-11,77.0
2001-12-12,80.9
2001-12-13,75.6
2001-12-14,75.2
2001-12-15,79.6
2001-12-16,78.4
2001-12-17,76.7
2001-12-18,78.1
2001-12-19,77.8
2001-12-20,75.9
2001-12-21,75.2
2001-12-22,74.3
2001-12-23,74.9
2001-12-24,76.1
2001-12-25,76.7
2001-12-26,77.6
2001-12-27,78.6
2001-12-28,78.1
2001-12-29,76.7
2001-12-30,75.4
2001-12-31,76.8
2002-01-01,76.1
2002-01-02,76.3
2002-01-03,75.4
2002-01-04,76.6
2002-01-05,78.6
2002-01-06,81.1
2002-01-07,78.1
2002-01-08,78.6
2002-01-09,76.9
2002-01-10,78.4
2002-01-11,77.0
2002-01-12,76.3
2002-01-13,74.0
2002-01-14,75.0
2002-01-15,75.1
2002-01-16,77.0
2002-01-17,75.3
2002-01-18,78.1
2002-01-19,81.1
2002-01-20,80.1
2002-01-21,81.5
2002-01-22,80.6
2002-01-23,80.7
2002-01-24,81.3
2002-01-25,82.5
2002-01-26,84.9
2002-01-27,82.2
2002-01-28,78.3
2002-01-29,81.9
2002-01-30,79.5
2002-01-31,80.0
2002-02-01,74.3
2002-02-02,74.0
2002-02-03,77.1
2002-02-04,76.9
2002-02-05,77.4
2002-02-06,77.9
2002-02-07,80.0
2002-02-08,78.2
2002-02-09,78.9
2002-02-10,80.2
2002-02-11,79.2
2002-02-12,79.9
2002-02-13,81.2
2002-02-14,79.5
2002-02-15,79.7
2002-02-16,80.7
2002-02-17,83.5
2002-02-18,80.7
2002-02-19,78.7
2002-02-20,79.1
2002-02-21,80.3
2002-02-22,80.3
2002-02-23,78.6
2002-02-24,79.4
2002-02-25,80.8
2002-02-26,80.5
2002-02-27,80.5
2002-02-28,83.8
2002-03-01,82.4
2002-03-02,83.9
2002-03-03,81.2
2002-03-04,82.8
2002-03-05,83.9
2002-03-06,80.8
2002-03-07,85.1
2002-03-08,84.7
2002-03-09,84.4
2002-03-10,83.0
2002-03-11,84.6
2002-03-12,82.9
2002-03-13,84.3
2002-03-14,84.6
2002-03-15,84.4
2002-03-16,86.2
2002-03-17,83.7
2002-03-18,82.1
2002-03-19,83.0
2002-03-20,83.9
2002-03-21,85.0
2002-03-22,89.2
2002-03-23,88.8
2002-03-24,87.1
2002-03-25,87.5
2002-03-26,85.6
2002-03-27,88.1
2002-03-28,88.8
2002-03-29,89.1
2002-03-30,91.9
2002-03-31,87.9
2002-04-01,89.5
2002-04-02,87.9
2002-04-03,89.6
2002-04-04,91.4
2002-04-05,89.9
2002-04-06,90.0
2002-04-07,87.4
2002-04-08,89.3
2002-04-09,89.4
2002-04-10,90.4
2002-04-11,88.7
2002-04-12,88.6
2002-04-13,89.3
2002-04-14,89.3
2002-04-15,90.8
2002-04-16,90.6
2002-04-17,92.0
2002-04-18,89.3
2002-04-19,91.2
2002-04-20,91.3
2002-04-21,90.1
2002-04-22,89.8
2002-04-23,90.5
2002-04-24,90.6
2002-04-25,87.1
2002-04-26,89.8
2002-04-27,92.2
2002-04-28,89.2
2002-04-29,91.3
2002-04-30,89.5
2002-05-01,91.1
2002-05-02,87.7
2002-05-03,83.3
2002-05-04,78.2
2002-05-05,85.2
2002-05-06,90.5
2002-05-07,90.7
2002-05-08,93.7
2002-05-09,92.2
2002-05-10,86.9
2002-05-11,88.4
2002-05-12,90.9
2002-05-13,92.3
2002-05-14,90.2
2002-05-15,91.2
2002-05-16,88.6
2002-05-17,90.7
2002-05-18,87.3
2002-05-19,87.5
2002-05-20,90.6
2002-05-21,91.8
2002-05-22,91.0
2002-05-23,88.9
2002-05-24,89.5
2002-05-25,90.0
2002-05-26,88.2
2002-05-27,89.8
2002-05-28,87.3
2002-05-29,86.7
2002-05-30,89.3
2002-05-31,89.6
2002-06-01,88.5
2002-06-02,84.1
2002-06-03,89.2
2002-06-04,89.2
2002-06-05,90.6
2002-06-06,87.5
2002-06-07,90.9
2002-06-08,89.8
2002-06-09,85.4
2002-06-10,84.7
2002-06-11,83.7
2002-06-12,83.6
2002-06-13,84.9
2002-06-14,86.6
2002-06-15,85.9
2002-06-16,86.5
2002-06-17,87.1
2002-06-18,88.3
2002-06-19,86.2
2002-06-20,86.4
2002-06-21,85.6
2002-06-22,89.0
2002-06-23,88.2
2002-06-24,89.3
2002-06-25,90.1
2002-06-26,92.0
2002-06-27,90.2
2002-06-28,90.5
2002-06-29,91.7
2002-06-30,89.5
2002-07-01,92.0
2002-07-02,89.1
2002-07-03,90.6
2002-07-04,90.9
2002-07-05,90.3
2002-07-06,90.1
2002-07-07,91.9
2002-07-08,90.5
2002-07-09,91.4
2002-07-10,88.3
2002-07-11,88.7
2002-07-12,87.4
2002-07-13,90.1
2002-07-14,88.6
2002-07-15,90.7
2002-07-16,89.7
2002-07-17,86.9
2002-07-18,88.1
2002-07-19,89.1
2002-07-20,90.5
2002-07-21,87.5
2002-07-22,86.0
2002-07-23,88.1
2002-07-24,91.4
2002-07-25,85.6
2002-07-26,90.7
2002-07-27,92.0
2002-07-28,88.0
2002-07-29,91.8
2002-07-30,88.3
2002-07-31,86.8
2002-08-01,88.0
2002-08-02,88.3
2002-08-03,87.5
2002-08-04,87.5
2002-08-05,87.4
2002-08-06,88.4
2002-08-07,88.4
2002-08-08,85.0
2002-08-09,87.7
2002-08-10,89.0
2002-08-11,87.1
2002-08-12,88.8
2002-08-13,88.9
2002-08-14,90.6
2002-08-15,88.5
2002-08-16,89.7
2002-08-17,83.8
2002-08-18,88.0
2002-08-19,89.2
2002-08-20,88.2
2002-08-21,87.9
2002-08-22,87.9
2002-08-23,90.8
2002-08-24,89.5
2002-08-25,88.2
2002-08-26,91.4
2002-08-27,86.2
2002-08-28,87.8
2002-08-29,83.4
2002-08-30,90.2
2002-08-31,88.0
2002-09-01,89.9
2002-09-02,91.8
2002-09-03,89.0
2002-09-04,88.9
2002-09-05,87.4
2002-09-06,88.0
2002-09-07,88.1
2002-09-08,87.8
2002-09-09,84.4
2002-09-10,88.8
2002-09-11,88.0
2002-09-12,89.3
2002-09-13,88.5
2002-09-14,84.0
2002-09-15,81.7
2002-09-16,87.8
2002-09-17,86.4
2002-09-18,88.0
2002-09-19,84.4
2002-09-20,82.4
2002-09-21,87.0
2002-09-22,87.5
2002-09-23,89.0
2002-09-24,89.1
2002-09-25,90.2
2002-09-26,83.3
2002-09-27,88.0
2002-09-28,83.8
2002-09-29,86.2
2002-09-30,88.9
2002-10-01,85.0
2002-10-02,87.5
2002-10-03,87.1
2002-10-04,84.1
2002-10-05,84.2
2002-10-06,80.3
2002-10-07,82.0
2002-10-08,79.1
2002-10-09,79.3
2002-10-10,81.5
2002-10-11,83.2
2002-10-12,81.2
2002-10-13,84.7
2002-10-14,84.4
2002-10-15,83.1
2002-10-16,84.7
2002-10-17,81.5
2002-10-18,82.9
2002-10-19,80.3
2002-10-20,81.2
2002-10-21,79.8
2002-10-22,81.6
2002-10-23,83.3
2002-10-24,83.5
2002-10-25,84.0
2002-10-27,80.1
2002-10-28,78.8
2002-10-29,80.9
2002-10-30,78.7
2002-10-31,75.7
2002-11-01,79.4
2002-11-02,80.9
2002-11-03,81.1
2002-11-04,79.7
2002-11-05,79.1
2002-11-06,79.4
2002-11-07,79.8
2002-11-08,80.7
2002-11-09,78.9
2002-11-10,80.9
2002-11-11,82.2
2002-11-12,84.3
2002-11-13,83.0
2002-11-14,80.5
2002-11-15,80.3
2002-11-16,82.2
2002-11-17,79.5
2002-11-18,77.3
2002-11-19,78.3
2002-11-20,78.4
2002-11-21,79.7
2002-11-22,79.9
2002-11-23,77.8
2002-11-24,81.0
2002-11-25,84.6
2002-11-26,85.6
2002-11-27,81.5
2002-11-28,79.1
2002-11-29,78.3
2002-11-30,78.7
2002-12-01,76.8
2002-12-02,81.9
2002-12-03,81.5
2002-12-04,81.1
2002-12-05,77.2
2002-12-06,77.0
2002-12-07,77.9
2002-12-08,77.8
2002-12-09,80.1
2002-12-10,77.0
2002-12-11,79.7
2002-12-12,77.1
2002-12-13,77.8
2002-12-14,76.7
2002-12-15,78.4
2002-12-16,79.6
2002-12-17,75.6
2002-12-18,77.1
2002-12-19,76.3
2002-12-20,76.8
2002-12-21,75.6
2002-12-22,76.6
2002-12-23,79.1
2002-12-24,77.6
2002-12-25,76.4
2002-12-26,75.1
2002-12-27,76.0
2002-12-28,78.0
2002-12-29,76.8
2002-12-30,78.4
2002-12-31,77.9
2003-01-01,79.5
2003-01-02,77.6
2003-01-03,77.7
2003-01-04,79.0
2003-01-05,80.2
2003-01-06,80.1
2003-01-07,78.8
2003-01-08,80.6
2003-01-09,77.9
2003-01-10,78.8
2003-01-11,77.6
2003-01-12,76.3
2003-01-13,76.2
2003-01-14,75.3
2003-01-15,77.3
2003-01-16,75.9
2003-01-17,76.6
2003-01-18,78.3
2003-01-19,77.8
2003-01-20,81.3
2003-01-21,79.0
2003-01-22,79.1
2003-01-23,78.4
2003-01-24,80.1
2003-01-25,76.6
2003-01-26,77.1
2003-01-27,78.8
2003-01-28,78.3
2003-01-29,78.2
2003-01-30,77.1
2003-01-31,79.9
2003-02-01,81.9
2003-02-02,78.4
2003-02-03,80.3
2003-02-04,81.5
2003-02-05,83.4
2003-02-06,81.8
2003-02-07,81.6
2003-02-08,79.9
2003-02-09,80.8
2003-02-10,81.2
2003-02-11,81.3
2003-02-12,82.3
2003-02-13,82.0
2003-02-14,83.2
2003-02-15,81.7
2003-02-16,83.7
2003-02-17,86.8
2003-02-18,83.8
2003-02-19,82.7
2003-02-20,81.3
2003-02-21,83.8
2003-02-22,83.0
2003-02-23,80.1
2003-02-24,83.3
2003-02-25,83.7
2003-02-26,86.0
2003-02-27,83.0
2003-02-28,82.5
2003-03-01,83.9
2003-03-02,80.8
2003-03-03,82.9
2003-03-04,83.4
2003-03-05,85.6
2003-03-06,81.7
2003-03-07,84.3
2003-03-08,84.6
2003-03-09,82.0
2003-03-10,82.7
2003-03-11,82.2
2003-03-12,86.6
2003-03-13,85.1
2003-03-14,89.3
2003-03-15,86.9
2003-03-16,86.8
2003-03-17,88.0
2003-03-18,85.5
2003-03-19,85.9
2003-03-20,85.5
2003-03-21,87.2
2003-03-22,86.1
2003-03-23,85.3
2003-03-24,85.5
2003-03-25,84.6
2003-03-26,89.1
2003-03-27,86.5
2003-03-28,87.0
2003-03-29,90.0
2003-03-30,88.3
2003-03-31,89.2
2003-04-01,91.8
2003-04-02,90.9
2003-04-03,90.7
2003-04-04,89.7
2003-04-05,88.0
2003-04-06,87.4
2003-04-07,87.8
2003-04-08,87.3
2003-04-09,88.8
2003-04-10,88.7
2003-04-11,88.8
2003-04-12,90.3
2003-04-13,88.6
2003-04-14,93.0
2003-04-15,91.3
2003-04-16,89.0
2003-04-17,90.4
2003-04-18,90.6
2003-04-19,90.3
2003-04-20,91.2
2003-04-21,91.5
2003-04-22,89.0
2003-04-23,91.4
2003-04-24,91.7
2003-04-25,89.5
2003-04-26,89.9
2003-04-27,87.0
2003-04-28,83.7
2003-04-29,85.2
2003-04-30,82.7
2003-05-01,81.0
2003-05-02,86.4
2003-05-03,90.0
2003-05-04,92.4
2003-05-05,89.3
2003-05-06,89.7
2003-05-07,91.8
2003-05-08,93.5
2003-05-09,92.8
2003-05-10,88.2
2003-05-11,89.3
2003-05-12,92.9
2003-05-13,86.3
2003-05-14,86.8
2003-05-15,89.7
2003-05-16,89.2
2003-05-17,91.4
2003-05-18,92.8
2003-05-19,92.5
2003-05-20,95.1
2003-05-21,94.4
2003-05-22,94.6
2003-05-23,92.0
2003-05-24,89.7
2003-05-25,87.6
2003-05-26,87.6
2003-05-27,89.1
2003-05-28,91.2
2003-05-29,91.2
2003-05-30,90.7
2003-05-31,91.6
2003-06-01,90.5
2003-06-02,92.3
2003-06-03,92.3
2003-06-04,91.3
2003-06-05,90.8
2003-06-06,90.7
2003-06-07,90.7
2003-06-08,88.4
2003-06-09,92.4
2003-06-10,93.5
2003-06-11,92.7
2003-06-12,90.1
2003-06-13,90.8
2003-06-14,88.3
2003-06-15,88.7
2003-06-16,89.8
2003-06-17,92.7
2003-06-18,89.8
2003-06-19,89.4
2003-06-20,88.5
2003-06-21,86.6
2003-06-22,87.9
2003-06-23,90.5
2003-06-24,88.2
2003-06-25,91.0
2003-06-26,90.9
2003-06-27,90.1
2003-06-28,84.1
2003-06-29,87.4
2003-06-30,93.8
2003-07-01,91.3
2003-07-02,85.9
2003-07-03,87.5
2003-07-04,84.8
2003-07-05,84.9
2003-07-06,85.0
2003-07-07,91.2
2003-07-08,88.4
2003-07-09,84.9
2003-07-10,84.1
2003-07-11,86.8
2003-07-12,87.2
2003-07-13,87.0
2003-07-14,88.2
2003-07-15,88.3
2003-07-16,85.2
2003-07-17,87.7
2003-07-18,90.0
2003-07-19,90.5
2003-07-20,89.5
2003-07-21,91.4
2003-07-22,87.9
2003-07-23,90.8
2003-07-24,87.4
2003-07-25,88.8
2003-07-26,88.6
2003-07-27,89.4
2003-07-28,91.8
2003-07-29,90.5
2003-07-30,84.3
2003-07-31,81.0
2003-08-01,81.8
2003-08-02,85.3
2003-08-03,85.1
2003-08-04,89.7
2003-08-05,86.5
2003-08-06,88.2
2003-08-07,87.8
2003-08-08,88.9
2003-08-09,88.7
2003-08-10,87.7
2003-08-11,86.5
2003-08-12,86.2
2003-08-13,87.1
2003-08-14,82.4
2003-08-15,81.6
2003-08-16,82.2
2003-08-17,82.3
2003-08-18,84.2
2003-08-19,84.1
2003-08-20,87.4
2003-08-21,85.1
2003-08-22,85.9
2003-08-23,86.0
2003-08-24,85.8
2003-08-25,86.2
2003-08-26,86.3
2003-08-27,85.1
2003-08-28,88.8
2003-08-29,88.5
2003-08-30,87.6
2003-08-31,82.7
2003-09-01,88.1
2003-09-02,87.3
2003-09-03,87.9
2003-09-04,85.4
2003-09-05,88.3
2003-09-06,85.6
2003-09-07,87.6
2003-09-08,89.3
2003-09-09,90.3
2003-09-10,89.0
2003-09-11,88.3
2003-09-12,88.0
2003-09-13,90.1
2003-09-14,88.0
2003-09-15,92.8
2003-09-16,91.3
2003-09-17,90.2
2003-09-18,87.3
2003-09-19,83.4
2003-09-20,84.5
2003-09-21,88.7
2003-09-22,89.8
2003-09-23,86.9
2003-09-24,88.6
2003-09-25,85.9
2003-09-26,83.4
2003-09-27,82.7
2003-09-28,82.5
2003-09-29,87.6
2003-09-30,88.0
2003-10-01,85.5
2003-10-02,79.5
2003-10-03,81.8
2003-10-04,81.3
2003-10-05,83.7
2003-10-06,82.9
2003-10-07,84.6
2003-10-08,85.1
2003-10-09,86.0
2003-10-10,85.2
2003-10-11,86.8
2003-10-12,85.4
2003-10-13,80.9
2003-10-14,82.6
2003-10-15,81.3
2003-10-16,84.1
2003-10-17,83.6
2003-10-18,81.0
2003-10-19,78.2
2003-10-20,79.8
2003-10-21,81.0
2003-10-22,84.9
2003-10-23,82.8
2003-10-24,82.7
2003-10-25,84.2
2003-10-26,85.5
2003-10-27,78.8
2003-10-28,83.9
2003-10-29,83.5
2003-10-30,81.8
2003-10-31,81.6
2003-11-01,81.5
2003-11-02,80.4
2003-11-03,83.0
2003-11-04,82.7
2003-11-05,79.2
2003-11-06,75.0
2003-11-07,76.9
2003-11-08,75.2
2003-11-09,77.6
2003-11-10,79.4
2003-11-11,81.1
2003-11-12,82.5
2003-11-13,78.4
2003-11-14,77.3
2003-11-15,75.9
2003-11-16,79.5
2003-11-17,80.4
2003-11-18,79.6
2003-11-19,81.1
2003-11-20,78.6
2003-11-21,78.6
2003-11-22,77.3
2003-11-23,76.9
2003-11-24,80.0
2003-11-25,79.2
2003-11-26,80.2
2003-11-27,79.9
2003-11-28,77.1
2003-11-29,75.5
2003-11-30,76.7
2003-12-01,79.5
2003-12-02,78.4
2003-12-03,76.3
2003-12-04,77.0
2003-12-05,79.4
2003-12-06,77.9
2003-12-07,78.0
2003-12-08,77.0
2003-12-09,76.3
2003-12-10,76.3
2003-12-11,77.5
2003-12-12,77.4
2003-12-13,78.5
2003-12-14,76.3
2003-12-15,81.1
2003-12-16,81.9
2003-12-17,81.1
2003-12-18,80.1
2003-12-19,78.0
2003-12-20,78.1
2003-12-21,78.4
2003-12-22,76.4
2003-12-23,78.2
2003-12-24,79.4
2003-12-25,79.5
2003-12-26,79.1
2003-12-27,79.6
2003-12-28,81.3
2003-12-29,80.7
2003-12-30,81.9
2003-12-31,80.5
2004-01-01,75.4
2004-01-02,79.0
2004-01-03,76.3
2004-01-04,77.1
2004-01-05,77.7
2004-01-06,77.1
2004-01-07,76.8
2004-01-08,77.0
2004-01-09,76.6
2004-01-10,77.2
2004-01-11,78.4
2004-01-12,77.9
2004-01-13,79.8
2004-01-14,78.8
2004-01-15,76.8
2004-01-16,78.6
2004-01-17,79.6
2004-01-18,77.2
2004-01-19,76.1
2004-01-20,76.2
2004-01-21,77.1
2004-01-22,78.4
2004-01-23,80.0
2004-01-24,82.5
2004-01-25,80.9
2004-01-26,83.7
2004-01-27,81.4
2004-01-28,81.2
2004-01-29,80.6
2004-01-30,81.3
2004-01-31,80.4
2004-02-01,76.7
2004-02-02,75.0
2004-02-03,80.0
2004-02-04,80.6
2004-02-05,80.7
2004-02-06,79.9
2004-02-07,82.4
2004-02-08,79.4
2004-02-09,79.9
2004-02-10,79.5
2004-02-11,79.2
2004-02-12,80.9
2004-02-13,80.4
2004-02-14,79.2
2004-02-15,79.5
2004-02-16,79.3
2004-02-17,78.4
2004-02-18,80.4
2004-02-19,77.6
2004-02-20,80.1
2004-02-21,80.0
2004-02-22,80.1
2004-02-23,80.0
2004-02-24,80.7
2004-02-25,81.8
2004-02-26,79.7
2004-02-27,81.2
2004-02-28,80.0
2004-02-29,80.4
2004-03-01,79.9
2004-03-02,82.6
2004-03-03,81.0
2004-03-04,81.1
2004-03-05,80.2
2004-03-06,82.7
2004-03-07,82.1
2004-03-08,81.9
2004-03-09,82.5
2004-03-10,83.9
2004-03-11,84.7
2004-03-12,84.0
2004-03-13,84.8
2004-03-14,82.0
2004-03-15,85.6
2004-03-16,85.3
2004-03-17,84.5
2004-03-18,86.3
2004-03-19,88.0
2004-03-20,87.3
2004-03-21,88.6
2004-03-22,88.8
2004-03-23,88.4
2004-03-24,90.9
2004-03-25,90.9
2004-03-26,89.7
2004-03-27,86.7
2004-03-28,87.5
2004-03-29,89.2
2004-03-30,90.4
2004-03-31,90.2
2004-04-01,89.1
2004-04-02,91.5
2004-04-03,88.8
2004-04-04,86.6
2004-04-05,88.9
2004-04-06,86.5
2004-04-07,88.7
2004-04-08,89.6
2004-04-09,89.2
2004-04-10,90.5
2004-04-11,90.9
2004-04-12,91.2
2004-04-13,91.8
2004-04-14,91.0
2004-04-15,92.0
2004-04-16,94.0
2004-04-17,93.7
2004-04-18,90.8
2004-04-19,91.3
2004-04-20,91.3
2004-04-21,91.1
2004-04-22,89.7
2004-04-23,89.7
2004-04-24,89.8
2004-04-25,90.2
2004-04-26,91.5
2004-04-27,90.3
2004-04-28,94.2
2004-04-29,90.2
2004-04-30,90.5
2004-05-01,89.1
2004-05-02,85.1
2004-05-03,76.7
2004-05-04,79.8
2004-05-05,78.4
2004-05-06,85.5
2004-05-07,86.3
2004-05-08,88.1
2004-05-09,84.1
2004-05-10,86.2
2004-05-11,88.0
2004-05-12,88.1
2004-05-13,88.3
2004-05-14,87.7
2004-05-15,83.8
2004-05-16,87.0
2004-05-17,86.7
2004-05-18,86.4
2004-05-19,86.8
2004-05-20,88.4
2004-05-21,87.9
2004-05-22,90.2
2004-05-23,88.1
2004-05-24,88.4
2004-05-25,86.7
2004-05-26,82.2
2004-05-27,82.5
2004-05-28,85.0
2004-05-29,84.5
2004-05-30,84.1
2004-05-31,84.4
2004-06-01,83.9
2004-06-02,87.7
2004-06-03,84.2
2004-06-04,87.7
2004-06-05,85.1
2004-06-06,87.3
2004-06-07,87.7
2004-06-08,85.8
2004-06-09,85.2
2004-06-10,85.7
2004-06-11,86.1
2004-06-12,86.3
2004-06-13,86.7
2004-06-14,86.4
2004-06-15,87.1
2004-06-16,88.0
2004-06-17,88.5
2004-06-18,88.9
2004-06-19,87.9
2004-06-20,88.4
2004-06-21,87.8
2004-06-22,88.0
2004-06-23,90.5
2004-06-24,88.1
2004-06-25,88.5
2004-06-26,88.3
2004-06-27,88.6
2004-06-28,89.7
2004-06-29,87.9
2004-06-30,90.7
2004-07-01,87.4
2004-07-02,83.8
2004-07-03,88.2
2004-07-04,89.2
2004-07-05,91.2
2004-07-06,90.7
2004-07-07,88.1
2004-07-08,84.4
2004-07-09,84.7
2004-07-10,84.8
2004-07-11,83.0
2004-07-12,84.5
2004-07-13,86.1
2004-07-14,85.9
2004-07-15,85.1
2004-07-16,86.2
2004-07-17,87.9
2004-07-18,84.7
2004-07-19,84.2
2004-07-20,85.0
2004-07-21,85.7
2004-07-22,85.9
2004-07-23,84.5
2004-07-24,86.9
2004-07-25,86.3
2004-07-26,86.3
2004-07-27,85.4
2004-07-28,87.9
2004-07-29,86.4
2004-07-30,88.2
2004-07-31,86.5
2004-08-01,86.1
2004-08-02,86.5
2004-08-03,84.7
2004-08-04,84.1
2004-08-05,87.3
2004-08-06,84.6
2004-08-07,84.3
2004-08-08,85.7
2004-08-09,89.1
2004-08-10,88.8
2004-08-11,88.3
2004-08-12,88.2
2004-08-13,85.5
2004-08-14,87.9
2004-08-15,88.0
2004-08-16,86.4
2004-08-17,86.8
2004-08-18,88.7
2004-08-19,85.4
2004-08-20,86.3
2004-08-21,87.1
2004-08-22,90.6
2004-08-23,90.9
2004-08-24,89.6
2004-08-25,90.5
2004-08-26,88.4
2004-08-27,89.8
2004-08-28,88.8
2004-08-29,86.1
2004-08-30,88.8
2004-08-31,87.2
2004-09-01,89.7
2004-09-02,88.0
2004-09-03,89.9
2004-09-04,84.9
2004-09-05,85.1
2004-09-06,84.0
2004-09-07,85.5
2004-09-08,83.7
2004-09-09,82.6
2004-09-10,85.1
2004-09-11,84.9
2004-09-12,84.4
2004-09-13,86.2
2004-09-14,82.3
2004-09-15,82.8
2004-09-16,82.4
2004-09-17,85.0
2004-09-18,83.1
2004-09-19,83.0
2004-09-20,81.6
2004-09-21,82.4
2004-09-22,84.2
2004-09-23,81.2
2004-09-24,83.9
2004-09-25,80.9
2004-09-26,79.2
2004-09-27,79.4
2004-09-28,76.6
2004-09-29,83.7
2004-09-30,81.1
2004-10-01,78.1
2004-10-02,80.3
2004-10-03,82.3
2004-10-04,82.8
2004-10-05,85.4
2004-10-06,85.5
2004-10-07,84.0
2004-10-08,84.2
2004-10-09,85.7
2004-10-10,86.1
2004-10-11,82.1
2004-10-12,83.9
2004-10-13,83.5
2004-10-14,83.4
2004-10-15,83.4
2004-10-16,84.0
2004-10-17,80.3
2004-10-18,80.2
2004-10-19,81.3
2004-10-20,81.1
2004-10-21,80.0
2004-10-22,80.7
2004-10-23,75.5
2004-10-24,81.4
2004-10-25,79.6
2004-10-26,78.7
2004-10-27,77.4
2004-10-28,78.6
2004-10-29,75.9
2004-10-30,75.8
2004-10-31,76.8
2004-11-01,79.7
2004-11-02,80.6
2004-11-03,82.0
2004-11-04,79.6
2004-11-05,73.6
2004-11-06,75.2
2004-11-07,77.1
2004-11-08,77.1
2004-11-09,79.8
2004-11-10,79.3
2004-11-11,79.4
2004-11-12,76.1
2004-11-13,79.0
2004-11-14,79.1
2004-11-15,77.1
2004-11-16,79.3
2004-11-17,80.1
2004-11-18,80.0
2004-11-19,79.8
2004-11-20,76.3
2004-11-21,79.6
2004-11-22,78.3
2004-11-23,78.9
2004-11-24,77.2
2004-11-25,78.1
2004-11-26,77.3
2004-11-27,79.4
2004-11-28,79.1
2004-11-29,78.3
2004-11-30,77.2
2004-12-01,80.5
2004-12-02,79.9
2004-12-03,78.7
2004-12-04,76.0
2004-12-05,78.0
2004-12-06,77.4
2004-12-07,77.5
2004-12-08,76.4
2004-12-09,78.8
2004-12-10,77.2
2004-12-11,77.3
2004-12-12,79.9
2004-12-13,80.0
2004-12-14,76.9
2004-12-15,77.4
2004-12-16,76.5
2004-12-17,76.2
2004-12-18,76.4
2004-12-19,76.1
2004-12-20,77.0
2004-12-21,77.6
2004-12-22,78.7
2004-12-23,76.3
2004-12-24,77.9
2004-12-25,77.6
2004-12-26,76.8
2004-12-27,76.9
2004-12-28,78.5
2004-12-29,75.9
2004-12-30,78.0
2004-12-31,78.3
2005-01-01,78.0
2005-01-02,77.3
2005-01-03,78.6
2005-01-04,77.2
2005-01-05,77.4
2005-01-06,76.4
2005-01-07,77.5
2005-01-08,75.9
2005-01-09,77.0
2005-01-10,77.3
2005-01-11,74.7
2005-01-12,75.2
2005-01-13,77.1
2005-01-14,78.2
2005-01-15,78.2
2005-01-16,78.4
2005-01-17,77.1
2005-01-18,80.0
2005-01-19,80.7
2005-01-20,79.9
2005-01-21,77.7
2005-01-22,79.4
2005-01-23,80.8
2005-01-24,80.2
2005-01-25,81.9
2005-01-26,80.3
2005-01-27,80.0
2005-01-28,80.4
2005-01-29,78.9
2005-01-30,81.6
2005-01-31,82.6
2005-02-01,79.4
2005-02-02,80.2
2005-02-03,80.7
2005-02-04,81.2
2005-02-05,80.5
2005-02-06,80.6
2005-02-07,78.8
2005-02-08,79.9
2005-02-09,79.0
2005-02-10,79.8
2005-02-11,80.1
2005-02-12,80.2
2005-02-13,79.2
2005-02-14,80.9
2005-02-15,82.1
2005-02-16,84.9
2005-02-17,81.2
2005-02-18,82.5
2005-02-19,81.6
2005-02-20,82.4
2005-02-21,81.6
2005-02-22,81.8
2005-02-23,83.6
2005-02-24,82.5
2005-02-25,82.3
2005-02-26,82.4
2005-02-27,83.4
2005-02-28,83.0
2005-03-01,82.3
2005-03-02,83.3
2005-03-03,86.0
2005-03-04,83.7
2005-03-05,85.5
2005-03-06,87.4
2005-03-07,85.7
2005-03-08,86.1
2005-03-09,85.0
2005-03-10,84.0
2005-03-11,88.2
2005-03-12,88.8
2005-03-13,84.6
2005-03-14,84.0
2005-03-15,85.6
2005-03-16,85.6
2005-03-17,83.2
2005-03-18,86.6
2005-03-19,85.7
2005-03-20,86.3
2005-03-21,86.9
2005-03-22,87.7
2005-03-23,88.7
2005-03-24,89.6
2005-03-25,91.0
2005-03-26,87.0
2005-03-27,88.9
2005-03-28,89.3
2005-03-29,88.4
2005-03-30,90.6
2005-03-31,89.7
2005-04-01,89.4
2005-04-02,87.9
2005-04-03,79.9
2005-04-04,79.4
2005-04-05,79.4
2005-04-06,81.6
2005-04-07,81.2
2005-04-08,82.5
2005-04-09,85.3
2005-04-10,85.1
2005-04-11,84.5
2005-04-12,85.9
2005-04-13,86.4
2005-04-14,87.2
2005-04-15,90.1
2005-04-16,89.3
2005-04-17,88.1
2005-04-18,88.8
2005-04-19,88.4
2005-04-20,81.7
2005-04-21,85.0
2005-04-22,88.0
2005-04-23,88.5
2005-04-24,87.8
2005-04-25,88.5
2005-04-26,89.4
2005-04-27,90.3
2005-04-28,90.1
2005-04-29,91.8
2005-04-30,89.1
2005-05-01,87.0
2005-05-02,85.5
2005-05-03,86.9
2005-05-04,83.4
2005-05-05,85.3
2005-05-06,88.9
2005-05-07,89.1
2005-05-08,88.7
2005-05-09,90.1
2005-05-10,90.3
2005-05-11,90.7
2005-05-12,88.0
2005-05-13,90.5
2005-05-14,91.8
2005-05-15,89.7
2005-05-16,91.6
2005-05-17,91.1
2005-05-18,92.0
2005-05-19,93.2
2005-05-20,90.9
2005-05-21,91.9
2005-05-22,91.7
2005-05-23,93.6
2005-05-24,92.3
2005-05-25,92.2
2005-05-26,87.7
2005-05-27,86.6
2005-05-28,86.6
2005-05-29,84.1
2005-05-30,85.1
2005-05-31,87.5
2005-06-01,90.0
2005-06-02,90.9
2005-06-03,90.8
2005-06-04,92.4
2005-06-05,87.9
2005-06-06,89.7
2005-06-07,90.4
2005-06-08,91.9
2005-06-09,85.3
2005-06-10,88.5
2005-06-11,91.0
2005-06-12,90.1
2005-06-13,89.7
2005-06-14,92.2
2005-06-15,92.4
2005-06-16,89.7
2005-06-17,88.6
2005-06-18,88.9
2005-06-19,89.5
2005-06-20,87.7
2005-06-21,85.3
2005-06-22,86.0
2005-06-23,88.4
2005-06-24,90.3
2005-06-25,89.9
2005-06-26,89.0
2005-06-27,89.1
2005-06-28,87.8
2005-06-29,88.6
2005-06-30,88.9
2005-07-01,89.2
2005-07-02,90.3
2005-07-03,90.6
2005-07-04,89.2
2005-07-05,88.7
2005-07-06,90.0
2005-07-07,90.3
2005-07-08,90.1
2005-07-09,89.0
2005-07-10,90.1
2005-07-11,88.8
2005-07-12,89.9
2005-07-13,89.3
2005-07-14,82.6
2005-07-15,82.8
2005-07-16,82.8
2005-07-17,83.7
2005-07-18,88.7
2005-07-19,87.4
2005-07-20,89.7
2005-07-21,88.5
2005-07-22,89.0
2005-07-23,87.8
2005-07-24,87.3
2005-07-25,87.0
2005-07-26,88.2
2005-07-27,88.3
2005-07-28,89.2
2005-07-29,85.2
2005-07-30,85.5
2005-07-31,86.7
2005-08-01,87.2
2005-08-02,88.6
2005-08-03,88.6
2005-08-04,86.8
2005-08-05,88.3
2005-08-06,90.0
2005-08-07,89.9
2005-08-08,89.1
2005-08-09,89.4
2005-08-10,88.0
2005-08-11,89.2
2005-08-12,88.6
2005-08-13,90.0
2005-08-14,88.9
2005-08-15,89.4
2005-08-16,86.8
2005-08-17,89.2
2005-08-18,88.0
2005-08-19,90.0
2005-08-20,88.4
2005-08-21,89.8
2005-08-22,91.5
2005-08-23,85.6
2005-08-24,85.3
2005-08-25,84.8
2005-08-26,84.5
2005-08-27,84.1
2005-08-28,86.2
2005-08-29,86.3
2005-08-30,87.8
2005-08-31,87.0
2005-09-01,83.7
2005-09-02,85.7
2005-09-03,84.8
2005-09-04,82.9
2005-09-05,85.6
2005-09-06,84.2
2005-09-07,83.2
2005-09-08,83.9
2005-09-09,88.1
2005-09-10,83.9
2005-09-11,84.4
2005-09-12,86.1
2005-09-13,87.8
2005-09-14,86.6
2005-09-15,82.3
2005-09-16,86.8
2005-09-17,87.5
2005-09-18,87.0
2005-09-19,86.5
2005-09-20,86.5
2005-09-21,88.0
2005-09-22,86.7
2005-09-23,87.6
2005-09-24,87.8
2005-09-25,84.2
2005-09-26,85.8
2005-09-27,87.0
2005-09-28,85.8
2005-09-29,85.7
2005-09-30,86.2
2005-10-01,86.5
2005-10-02,85.0
2005-10-03,82.2
2005-10-04,85.9
2005-10-05,85.8
2005-10-06,86.5
2005-10-07,85.5
2005-10-08,84.1
2005-10-09,81.6
2005-10-10,83.6
2005-10-11,82.3
2005-10-12,80.6
2005-10-13,79.9
2005-10-14,83.2
2005-10-15,84.4
2005-10-16,84.4
2005-10-17,84.8
2005-10-18,80.4
2005-10-19,81.5
2005-10-20,82.5
2005-10-21,81.6
2005-10-22,82.6
2005-10-23,82.4
2005-10-24,82.1
2005-10-25,78.3
2005-10-26,79.5
2005-10-27,78.7
2005-10-28,82.4
2005-10-29,85.1
2005-10-30,83.9
2005-10-31,82.7
2005-11-01,83.9
2005-11-02,80.5
2005-11-03,80.6
2005-11-04,77.5
2005-11-05,79.0
2005-11-06,76.1
2005-11-07,75.6
2005-11-08,74.8
2005-11-09,78.7
2005-11-10,81.2
2005-11-11,81.1
2005-11-12,79.1
2005-11-13,76.0
2005-11-14,78.9
2005-11-15,79.6
2005-11-16,80.1
2005-11-17,77.4
2005-11-18,78.4
2005-11-19,78.5
2005-11-20,78.5
2005-11-21,76.9
2005-11-22,75.9
2005-11-23,77.6
2005-11-24,73.9
2005-11-25,77.0
2005-11-26,79.0
2005-11-27,78.7
2005-11-28,78.7
2005-11-29,78.2
2005-11-30,78.3
2005-12-01,79.1
2005-12-02,81.3
2005-12-03,80.9
2005-12-04,76.3
2005-12-05,78.8
2005-12-06,80.0
2005-12-07,78.4
2005-12-08,77.1
2005-12-09,76.4
2005-12-10,72.1
2005-12-11,77.2
2005-12-12,77.9
2005-12-13,77.5
2005-12-14,78.7
2005-12-15,77.6
2005-12-16,76.8
2005-12-17,76.2
2005-12-18,75.7
2005-12-19,79.7
2005-12-20,81.2
2005-12-21,80.3
2005-12-22,81.1
2005-12-23,79.4
2005-12-24,79.7
2005-12-25,79.1
2005-12-26,78.1
2005-12-27,76.8
2005-12-28,76.4
2005-12-29,75.2
2005-12-30,76.3
2005-12-31,76.4
2006-01-01,76.2
2006-01-02,76.6
2006-01-03,77.3
2006-01-04,77.9
2006-01-05,75.2
2006-01-06,76.5
2006-01-07,76.4
2006-01-08,76.6
2006-01-09,78.6
2006-01-10,79.1
2006-01-11,76.0
2006-01-12,78.7
2006-01-13,78.0
2006-01-14,78.5
2006-01-15,79.5
2006-01-16,79.0
2006-01-17,78.0
2006-01-18,78.2
2006-01-19,76.1
2006-01-20,76.4
2006-01-21,76.4
2006-01-22,78.9
2006-01-23,78.3
2006-01-24,78.9
2006-01-25,76.8
2006-01-26,77.8
2006-01-27,78.9
2006-01-28,76.2
2006-01-29,76.9
2006-01-30,77.4
2006-01-31,77.6
2006-02-01,76.5
2006-02-02,77.8
2006-02-03,80.5
2006-02-04,79.7
2006-02-05,80.0
2006-02-06,78.3
2006-02-07,77.2
2006-02-08,79.1
2006-02-09,76.9
2006-02-10,79.8
2006-02-11,78.3
2006-02-12,79.8
2006-02-13,78.5
2006-02-14,79.1
2006-02-15,80.2
2006-02-16,80.7
2006-02-17,82.1
2006-02-18,80.4
2006-02-19,81.6
2006-02-20,82.3
2006-02-21,81.3
2006-02-22,81.4
2006-02-23,81.1
2006-02-24,83.0
2006-02-25,82.1
2006-02-26,80.3
2006-02-27,84.4
2006-02-28,85.0
2006-03-01,85.3
2006-03-02,85.2
2006-03-03,82.1
2006-03-04,82.0
2006-03-05,84.2
2006-03-06,84.6
2006-03-07,83.1
2006-03-08,84.5
2006-03-09,84.3
2006-03-10,82.9
2006-03-11,82.1
2006-03-12,84.2
2006-03-13,86.5
2006-03-14,85.2
2006-03-15,85.3
2006-03-16,85.5
2006-03-17,84.7
2006-03-18,84.8
2006-03-19,84.9
2006-03-20,86.4
2006-03-21,85.7
2006-03-22,84.4
2006-03-23,85.4
2006-03-24,85.9
2006-03-25,88.2
2006-03-26,88.7
2006-03-27,88.1
2006-03-28,88.5
2006-03-29,87.3
2006-03-30,88.7
2006-03-31,89.5
2006-04-01,88.3
2006-04-02,89.5
2006-04-03,88.1
2006-04-04,89.6
2006-04-05,90.7
2006-04-06,90.5
2006-04-07,90.8
2006-04-08,90.2
2006-04-09,91.3
2006-04-10,88.7
2006-04-11,89.4
2006-04-12,90.2
2006-04-13,89.5
2006-04-14,88.3
2006-04-15,85.0
2006-04-16,86.0
2006-04-17,84.1
2006-04-18,85.0
2006-04-19,86.8
2006-04-20,87.2
2006-04-21,86.7
2006-04-22,86.7
2006-04-23,88.5
2006-04-24,88.1
2006-04-25,90.6
2006-04-26,91.3
2006-04-27,91.5
2006-04-28,90.9
2006-04-29,90.2
2006-04-30,92.2
2006-05-01,91.9
2006-05-02,90.1
2006-05-03,85.4
2006-05-04,84.7
2006-05-05,86.4
2006-05-06,89.9
2006-05-07,89.7
2006-05-08,90.3
2006-05-09,89.7
2006-05-10,90.8
2006-05-11,93.7
2006-05-12,92.5
2006-05-13,91.1
2006-05-14,92.3
2006-05-15,92.7
2006-05-16,86.9
2006-05-17,89.4
2006-05-18,85.8
2006-05-19,83.5
2006-05-20,87.6
2006-05-21,89.0
2006-05-22,88.8
2006-05-23,90.8
2006-05-24,88.3
2006-05-25,88.9
2006-05-26,87.8
2006-05-27,86.8
2006-05-28,84.5
2006-05-29,86.0
2006-05-30,85.4
2006-05-31,86.0
2006-06-01,87.4
2006-06-02,88.2
2006-06-03,87.2
2006-06-04,89.8
2006-06-05,88.5
2006-06-06,89.1
2006-06-07,89.3
2006-06-08,88.8
2006-06-09,87.7
2006-06-10,89.9
2006-06-11,90.0
2006-06-12,90.3
2006-06-13,87.9
2006-06-14,87.1
2006-06-15,88.1
2006-06-16,87.0
2006-06-17,89.0
2006-06-18,89.4
2006-06-19,89.3
2006-06-20,86.0
2006-06-21,87.8
2006-06-22,86.1
2006-06-23,86.4
2006-06-24,89.1
2006-06-25,87.7
2006-06-26,89.2
2006-06-27,89.3
2006-06-28,87.2
2006-06-29,88.6
2006-06-30,88.5
2006-07-01,89.4
2006-07-02,90.2
2006-07-03,90.5
2006-07-04,89.9
2006-07-05,91.5
2006-07-06,89.0
2006-07-07,90.0
2006-07-08,89.3
2006-07-09,91.6
2006-07-10,90.6
2006-07-11,88.5
2006-07-12,88.6
2006-07-13,87.4
2006-07-14,89.9
2006-07-15,88.3
2006-07-16,89.1
2006-07-17,88.4
2006-07-18,89.3
2006-07-19,91.3
2006-07-20,88.6
2006-07-21,89.9
2006-07-22,92.3
2006-07-23,91.6
2006-07-24,91.7
2006-07-25,86.9
2006-07-26,86.9
2006-07-27,86.4
2006-07-28,88.3
2006-07-29,87.2
2006-07-30,87.7
2006-07-31,90.4
2006-08-01,88.4
2006-08-02,89.9
2006-08-03,87.6
2006-08-04,89.5
2006-08-05,89.0
2006-08-06,87.2
2006-08-07,85.6
2006-08-08,89.2
2006-08-09,91.3
2006-08-10,87.4
2006-08-11,88.6
2006-08-12,86.6
2006-08-13,88.5
2006-08-14,89.7
2006-08-15,89.7
2006-08-16,89.2
2006-08-17,89.1
2006-08-18,83.9
2006-08-19,87.6
2006-08-20,85.0
2006-08-21,85.2
2006-08-22,84.6
2006-08-23,84.7
2006-08-24,82.6
2006-08-25,83.4
2006-08-26,87.0
2006-08-27,86.2
2006-08-28,86.9
2006-08-29,85.7
2006-08-30,87.9
2006-08-31,85.0
2006-09-01,85.7
2006-09-02,84.1
2006-09-03,84.2
2006-09-04,83.5
2006-09-05,86.1
2006-09-06,86.8
2006-09-07,82.1
2006-09-08,82.8
2006-09-09,81.8
2006-09-10,82.9
2006-09-11,83.2
2006-09-12,83.6
2006-09-13,85.5
2006-09-14,85.2
2006-09-15,83.7
2006-09-16,83.6
2006-09-17,84.3
2006-09-18,84.8
2006-09-19,85.3
2006-09-20,85.2
2006-09-21,84.4
2006-09-22,86.5
2006-09-23,86.2
2006-09-24,84.3
2006-09-25,83.6
2006-09-26,84.2
2006-09-27,84.9
2006-09-28,84.8
2006-09-29,84.6
2006-09-30,84.7
2006-10-01,85.2
2006-10-02,86.7
2006-10-03,86.8
2006-10-04,85.2
2006-10-05,85.6
2006-10-06,85.9
2006-10-07,83.0
2006-10-08,84.6
2006-10-09,83.1
2006-10-10,83.3
2006-10-11,83.4
2006-10-12,84.4
2006-10-13,84.4
2006-10-14,83.8
2006-10-15,84.9
2006-10-16,81.5
2006-10-17,81.2
2006-10-18,80.3
2006-10-19,76.7
2006-10-20,81.9
2006-10-21,79.2
2006-10-22,80.0
2006-10-23,79.0
2006-10-24,78.7
2006-10-25,79.5
2006-10-26,79.4
2006-10-27,76.3
2006-10-28,77.6
2006-10-29,80.3
2006-10-30,82.1
2006-10-31,80.1
2006-11-01,80.7
2006-11-02,80.5
2006-11-03,78.4
2006-11-04,79.3
2006-11-05,82.0
2006-11-06,82.2
2006-11-07,78.0
2006-11-08,81.0
2006-11-09,81.0
2006-11-10,82.0
2006-11-11,80.1
2006-11-12,80.2
2006-11-13,80.5
2006-11-14,80.8
2006-11-15,77.6
2006-11-16,79.0
2006-11-17,76.4
2006-11-18,79.0
2006-11-19,79.9
2006-11-20,80.2
2006-11-21,78.6
2006-11-22,79.9
2006-11-23,79.0
2006-11-24,79.3
2006-11-25,80.2
2006-11-26,81.9
2006-11-27,79.0
2006-11-28,79.6
2006-11-29,80.0
2006-11-30,78.7
2006-12-01,78.4
2006-12-02,79.1
2006-12-03,79.5
2006-12-04,79.3
2006-12-05,78.6
2006-12-06,77.7
2006-12-07,77.4
2006-12-08,79.3
2006-12-09,78.9
2006-12-10,77.5
2006-12-11,76.3
2006-12-12,78.3
2006-12-13,80.0
2006-12-14,77.8
2006-12-15,77.7
2006-12-16,76.2
2006-12-17,78.0
2006-12-18,77.2
2006-12-19,77.9
2006-12-20,77.9
2006-12-21,78.5
2006-12-22,76.1
2006-12-23,79.1
2006-12-24,78.3
2006-12-25,77.6
2006-12-26,76.8
2006-12-27,79.1
2006-12-28,76.7
2006-12-29,76.3
2006-12-30,75.4
2006-12-31,76.7
2007-01-01,75.4
2007-01-02,76.1
2007-01-03,77.1
2007-01-04,74.4
2007-01-05,78.2
2007-01-06,77.4
2007-01-07,77.3
2007-01-08,77.9
2007-01-09,80.2
2007-01-10,78.7
2007-01-11,79.0
2007-01-12,79.2
2007-01-13,77.7
2007-01-14,79.1
2007-01-15,79.2
2007-01-16,78.1
2007-01-17,78.7
2007-01-18,77.6
2007-01-19,77.2
2007-01-20,77.5
2007-01-21,77.7
2007-01-22,79.4
2007-01-23,78.0
2007-01-24,79.0
2007-01-25,76.8
2007-01-26,80.0
2007-01-27,79.4
2007-01-28,79.5
2007-01-29,82.4
2007-01-30,78.9
2007-01-31,78.7
2007-02-01,78.2
2007-02-02,79.1
2007-02-03,79.0
2007-02-04,79.6
2007-02-05,79.6
2007-02-06,79.1
2007-02-07,79.1
2007-02-08,77.8
2007-02-09,79.2
2007-02-10,79.1
2007-02-11,80.1
2007-02-12,81.0
2007-02-13,81.4
2007-02-14,84.6
2007-02-15,84.3
2007-02-16,83.6
2007-02-17,81.7
2007-02-18,81.8
2007-02-19,82.4
2007-02-20,80.3
2007-02-21,81.1
2007-02-22,78.8
2007-02-23,78.7
2007-02-24,80.3
2007-02-25,81.6
2007-02-26,83.6
2007-02-27,83.3
2007-02-28,82.7
2007-03-01,83.9
2007-03-02,87.6
2007-03-03,84.4
2007-03-04,84.7
2007-03-05,85.6
2007-03-06,83.4
2007-03-07,83.9
2007-03-08,84.4
2007-03-09,83.9
2007-03-10,83.1
2007-03-11,83.1
2007-03-12,82.3
2007-03-13,82.6
2007-03-14,84.4
2007-03-15,84.0
2007-03-16,86.0
2007-03-17,86.5
2007-03-18,87.1
2007-03-19,86.2
2007-03-20,84.4
2007-03-21,88.3
2007-03-22,86.7
2007-03-23,87.7
2007-03-24,86.3
2007-03-25,88.6
2007-03-26,88.0
2007-03-27,87.2
2007-03-28,88.1
2007-03-29,85.8
2007-03-30,85.6
2007-03-31,85.1
2007-04-01,88.8
2007-04-02,87.9
2007-04-03,88.1
2007-04-04,87.4
2007-04-05,87.1
2007-04-06,88.4
2007-04-07,85.7
2007-04-08,87.2
2007-04-09,82.8
2007-04-10,85.2
2007-04-11,87.6
2007-04-12,88.2
2007-04-13,89.0
2007-04-14,85.4
2007-04-15,87.0
2007-04-16,85.9
2007-04-17,87.1
2007-04-18,85.3
2007-04-19,88.0
2007-04-20,88.2
2007-04-21,89.4
2007-04-22,88.3
2007-04-23,87.0
2007-04-24,89.0
2007-04-25,90.6
2007-04-26,88.8
2007-04-27,89.6
2007-04-28,91.0
2007-04-29,91.1
2007-04-30,91.3
2007-05-01,92.3
2007-05-02,92.5
2007-05-03,84.5
2007-05-04,88.4
2007-05-05,89.2
2007-05-06,91.1
2007-05-07,89.9
2007-05-08,90.9
2007-05-09,89.4
2007-05-10,91.7
2007-05-11,93.6
2007-05-12,93.1
2007-05-13,90.4
2007-05-14,94.2
2007-05-15,93.0
2007-05-16,93.5
2007-05-17,91.5
2007-05-18,92.1
2007-05-19,92.1
2007-05-20,93.9
2007-05-21,92.7
2007-05-22,90.4
2007-05-23,91.2
2007-05-24,87.1
2007-05-25,89.8
2007-05-26,88.5
2007-05-27,89.8
2007-05-28,86.3
2007-05-29,88.3
2007-05-30,87.5
2007-05-31,89.5
2007-06-01,91.5
2007-06-02,92.1
2007-06-03,91.0
2007-06-04,90.4
2007-06-05,88.8
2007-06-06,90.2
2007-06-07,85.3
2007-06-08,82.9
2007-06-09,88.2
2007-06-10,90.7
2007-06-11,88.8
2007-06-12,89.1
2007-06-13,89.8
2007-06-14,88.8
2007-06-15,87.1
2007-06-16,86.6
2007-06-17,88.6
2007-06-18,86.3
2007-06-19,85.3
2007-06-20,84.8
2007-06-21,85.1
2007-06-22,82.9
2007-06-23,83.6
2007-06-24,87.4
2007-06-25,88.8
2007-06-26,88.0
2007-06-27,85.3
2007-06-28,88.0
2007-06-29,91.1
2007-06-30,89.2
2007-07-01,88.9
2007-07-02,87.8
2007-07-03,87.8
2007-07-04,87.1
2007-07-05,89.3
2007-07-06,89.1
2007-07-07,87.4
2007-07-08,89.4
2007-07-09,88.6
2007-07-10,87.9
2007-07-11,88.5
2007-07-12,89.4
2007-07-13,88.7
2007-07-14,89.8
2007-07-15,89.8
2007-07-16,89.1
2007-07-17,87.3
2007-07-18,89.8
2007-07-19,86.7
2007-07-20,84.5
2007-07-21,85.6
2007-07-22,85.7
2007-07-23,85.4
2007-07-24,81.6
2007-07-25,84.4
2007-07-26,86.1
2007-07-27,86.9
2007-07-28,86.7
2007-07-29,85.2
2007-07-30,84.4
2007-07-31,82.1
2007-08-01,80.4
2007-08-02,83.0
2007-08-03,85.1
2007-08-04,86.5
2007-08-05,87.1
2007-08-06,85.0
2007-08-07,87.3
2007-08-08,87.8
2007-08-09,88.8
2007-08-10,86.4
2007-08-11,87.5
2007-08-12,87.8
2007-08-13,90.2
2007-08-14,87.9
2007-08-15,87.3
2007-08-16,86.5
2007-08-17,83.8
2007-08-18,84.7
2007-08-19,86.0
2007-08-20,86.2
2007-08-21,83.4
2007-08-22,85.0
2007-08-23,84.3
2007-08-24,81.5
2007-08-25,83.8
2007-08-26,83.2
2007-08-27,85.1
2007-08-28,79.5
2007-08-29,84.2
2007-08-30,82.8
2007-08-31,84.7
2007-09-01,84.8
2007-09-02,84.9
2007-09-03,84.9
2007-09-04,86.6
2007-09-05,86.3
2007-09-06,86.4
2007-09-07,88.0
2007-09-08,87.9
2007-09-09,86.1
2007-09-10,85.1
2007-09-11,86.4
2007-09-12,85.0
2007-09-13,87.4
2007-09-14,81.8
2007-09-15,84.5
2007-09-16,86.7
2007-09-17,86.6
2007-09-18,85.5
2007-09-19,86.2
2007-09-20,87.5
2007-09-21,88.3
2007-09-22,87.3
2007-09-23,86.8
2007-09-24,87.0
2007-09-25,87.7
2007-09-26,89.0
2007-09-27,84.3
2007-09-28,83.4
2007-09-29,86.7
2007-09-30,86.8
2007-10-01,85.9
2007-10-02,87.5
2007-10-03,87.7
2007-10-04,88.0
2007-10-05,86.5
2007-10-06,87.3
2007-10-07,87.9
2007-10-08,86.0
2007-10-09,87.6
2007-10-10,87.1
2007-10-11,87.8
2007-10-12,86.6
2007-10-13,83.7
2007-10-14,86.4
2007-10-15,85.2
2007-10-16,87.1
2007-10-17,85.1
2007-10-18,83.2
2007-10-19,80.0
2007-10-20,81.4
2007-10-21,79.1
2007-10-22,80.1
2007-10-23,75.6
2007-10-24,76.9
2007-10-25,77.1
2007-10-26,77.3
2007-10-27,80.2
2007-10-28,79.2
2007-10-29,79.8
2007-10-30,82.9
2007-10-31,85.0
2007-11-01,80.6
2007-11-02,81.3
2007-11-03,82.9
2007-11-04,78.2
2007-11-05,82.9
2007-11-06,82.8
2007-11-07,83.4
2007-11-08,82.3
2007-11-09,81.4
2007-11-10,82.3
2007-11-11,82.7
2007-11-12,81.8
2007-11-13,81.6
2007-11-14,78.9
2007-11-15,79.1
2007-11-16,79.1
2007-11-17,78.1
2007-11-18,79.3
2007-11-19,79.6
2007-11-20,77.7
2007-11-21,80.9
2007-11-22,80.0
2007-11-23,80.8
2007-11-24,79.6
2007-11-25,76.4
2007-11-26,77.9
2007-11-27,80.6
2007-11-28,79.7
2007-11-29,80.2
2007-11-30,78.9
2007-12-01,76.7
2007-12-02,77.2
2007-12-03,76.4
2007-12-04,79.2
2007-12-05,77.0
2007-12-06,76.5
2007-12-07,78.9
2007-12-08,78.4
2007-12-09,79.4
2007-12-10,79.0
2007-12-11,78.2
2007-12-12,77.4
2007-12-13,76.4
2007-12-14,72.0
2007-12-15,76.1
2007-12-16,77.3
2007-12-17,77.2
2007-12-18,72.8
2007-12-19,74.9
2007-12-20,75.8
2007-12-21,78.2
2007-12-22,78.4
2007-12-23,78.5
2007-12-24,76.8
2007-12-25,76.6
2007-12-26,76.2
2007-12-27,78.0
2007-12-28,77.7
2007-12-29,77.8
2007-12-30,79.0
2007-12-31,76.8
2008-01-01,76.0
2008-01-02,75.8
2008-01-03,77.9
2008-01-04,78.7
2008-01-05,75.1
2008-01-06,76.2
2008-01-07,75.4
2008-01-08,76.6
2008-01-09,77.3
2008-01-10,76.9
2008-01-11,77.8
2008-01-12,77.0
2008-01-13,77.2
2008-01-14,76.3
2008-01-15,76.9
2008-01-16,77.0
2008-01-17,75.7
2008-01-18,74.8
2008-01-19,75.4
2008-01-20,76.3
2008-01-21,78.7
2008-01-22,79.9
2008-01-23,79.0
2008-01-24,78.1
2008-01-25,78.9
2008-01-26,79.8
2008-01-27,80.8
2008-01-28,79.7
2008-01-29,80.8
2008-01-30,82.1
2008-01-31,82.3
2008-02-01,80.8
2008-02-02,81.9
2008-02-03,80.7
2008-02-04,82.3
2008-02-05,81.2
2008-02-06,79.7
2008-02-07,80.9
2008-02-08,81.6
2008-02-09,81.5
2008-02-10,82.2
2008-02-11,78.9
2008-02-12,80.6
2008-02-13,82.0
2008-02-14,80.6
2008-02-15,80.3
2008-02-16,82.2
2008-02-17,80.8
2008-02-18,79.2
2008-02-19,77.8
2008-02-20,81.2
2008-02-21,81.6
2008-02-22,81.2
2008-02-23,80.4
2008-02-24,79.3
2008-02-25,78.8
2008-02-26,78.9
2008-02-27,82.0
2008-02-28,79.9
2008-02-29,81.7
2008-03-01,80.1
2008-03-02,83.5
2008-03-03,81.0
2008-03-04,80.6
2008-03-05,81.6
2008-03-06,82.9
2008-03-07,80.5
2008-03-08,80.9
2008-03-09,82.4
2008-03-10,82.2
2008-03-11,78.9
2008-03-12,76.2
2008-03-13,79.2
2008-03-14,81.6
2008-03-15,79.5
2008-03-16,80.7
2008-03-17,81.1
2008-03-18,79.7
2008-03-19,80.3
2008-03-20,79.3
2008-03-21,77.3
2008-03-22,76.9
2008-03-23,80.1
2008-03-24,84.2
2008-03-25,84.1
2008-03-26,85.4
2008-03-27,84.9
2008-03-28,84.9
2008-03-29,85.3
2008-03-30,83.9
2008-03-31,86.2
2008-04-01,85.8
2008-04-02,85.7
2008-04-03,85.6
2008-04-04,86.4
2008-04-05,86.3
2008-04-06,85.0
2008-04-07,84.1
2008-04-08,82.1
2008-04-09,84.0
2008-04-10,84.8
2008-04-11,85.0
2008-04-12,86.2
2008-04-13,87.5
2008-04-14,87.6
2008-04-15,86.6
2008-04-16,86.5
2008-04-17,87.3
2008-04-18,87.8
2008-04-19,89.3
2008-04-20,89.2
2008-04-21,88.9
2008-04-22,89.7
2008-04-23,89.5
2008-04-24,90.5
2008-04-25,88.3
2008-04-26,86.2
2008-04-27,88.8
2008-04-28,89.0
2008-04-29,90.4
2008-04-30,89.2
2008-05-01,91.6
2008-05-02,91.9
2008-05-03,87.8
2008-05-04,87.9
2008-05-05,90.5
2008-05-06,90.2
2008-05-07,89.4
2008-05-08,87.4
2008-05-09,89.5
2008-05-10,87.8
2008-05-11,85.6
2008-05-12,87.1
2008-05-13,87.3
2008-05-14,89.9
2008-05-15,89.9
2008-05-16,90.7
2008-05-17,91.2
2008-05-18,91.3
2008-05-19,91.0
2008-05-20,90.8
2008-05-21,89.2
2008-05-22,88.8
2008-05-23,88.3
2008-05-24,89.3
2008-05-25,86.3
2008-05-26,86.8
2008-05-27,88.8
2008-05-28,87.6
2008-05-29,87.6
2008-05-30,87.8
2008-05-31,85.7
2008-06-01,86.9
2008-06-02,88.6
2008-06-03,87.6
2008-06-04,88.1
2008-06-05,88.8
2008-06-06,89.5
2008-06-07,87.1
2008-06-08,87.8
2008-06-09,86.5
2008-06-10,86.8
2008-06-11,90.3
2008-06-12,88.6
2008-06-13,88.9
2008-06-14,90.9
2008-06-15,89.3
2008-06-16,88.7
2008-06-17,88.4
2008-06-18,89.2
2008-06-19,89.6
2008-06-20,88.8
2008-06-21,85.4
2008-06-22,87.3
2008-06-23,88.0
2008-06-24,88.9
2008-06-25,88.6
2008-06-26,88.7
2008-06-27,88.9
2008-06-28,87.8
2008-06-29,86.0
2008-06-30,88.8
2008-07-01,85.5
2008-07-02,88.9
2008-07-03,90.0
2008-07-04,89.6
2008-07-05,89.0
2008-07-06,87.7
2008-07-07,90.2
2008-07-08,89.8
2008-07-09,88.3
2008-07-10,88.5
2008-07-11,89.5
2008-07-12,89.3
2008-07-13,89.0
2008-07-14,88.1
2008-07-15,86.8
2008-07-16,88.6
2008-07-17,87.3
2008-07-18,86.4
2008-07-19,85.0
2008-07-20,84.2
2008-07-21,83.0
2008-07-22,85.1
2008-07-23,84.9
2008-07-24,86.1
2008-07-25,83.8
2008-07-26,85.8
2008-07-27,84.5
2008-07-28,86.1
2008-07-29,86.1
2008-07-30,86.0
2008-07-31,86.3
2008-08-01,88.2
2008-08-02,86.3
2008-08-03,87.3
2008-08-04,86.3
2008-08-05,88.5
2008-08-06,89.7
2008-08-07,88.8
2008-08-08,87.2
2008-08-09,87.1
2008-08-10,86.5
2008-08-11,87.3
2008-08-12,86.8
2008-08-13,86.2
2008-08-14,85.5
2008-08-15,86.2
2008-08-16,85.3
2008-08-17,83.4
2008-08-18,82.5
2008-08-19,83.8
2008-08-20,84.2
2008-08-21,84.5
2008-08-22,83.0
2008-08-23,85.3
2008-08-24,84.6
2008-08-25,84.7
2008-08-26,80.7
2008-08-27,83.8
2008-08-28,84.9
2008-08-29,85.1
2008-08-30,83.8
2008-08-31,83.1
2008-09-01,83.3
2008-09-02,84.7
2008-09-03,86.0
2008-09-04,84.5
2008-09-05,85.9
2008-09-06,85.0
2008-09-07,81.9
2008-09-08,81.7
2008-09-09,82.6
2008-09-10,82.9
2008-09-11,84.7
2008-09-12,84.5
2008-09-13,85.1
2008-09-14,85.8
2008-09-15,85.0
2008-09-16,84.8
2008-09-17,86.9
2008-09-18,86.1
2008-09-19,86.0
2008-09-20,86.2
2008-09-21,86.5
2008-09-22,86.5
2008-09-23,87.2
2008-09-24,86.3
2008-09-25,85.1
2008-09-26,86.4
2008-09-27,86.4
2008-09-28,85.4
2008-09-29,85.2
2008-09-30,86.6
2008-10-01,86.4
2008-10-02,86.7
2008-10-03,85.8
2008-10-04,84.4
2008-10-05,86.0
2008-10-06,85.7
2008-10-07,86.2
2008-10-08,85.6
2008-10-09,87.1
2008-10-10,86.4
2008-10-11,84.3
2008-10-12,79.6
2008-10-13,80.9
2008-10-14,78.4
2008-10-15,81.3
2008-10-16,81.4
2008-10-17,80.2
2008-10-18,82.0
2008-10-19,82.4
2008-10-20,80.2
2008-10-21,79.8
2008-10-22,79.2
2008-10-23,80.1
2008-10-24,80.7
2008-10-25,82.1
2008-10-26,80.9
2008-10-27,81.7
2008-10-28,80.6
2008-10-29,81.7
2008-10-30,82.2
2008-10-31,81.3
2008-11-01,80.6
2008-11-02,79.5
2008-11-03,79.6
2008-11-04,80.8
2008-11-05,80.8
2008-11-06,79.6
2008-11-07,82.2
2008-11-08,82.9
2008-11-09,82.2
2008-11-10,82.1
2008-11-11,82.7
2008-11-12,80.1
2008-11-13,80.9
2008-11-14,80.0
2008-11-15,82.7
2008-11-16,84.2
2008-11-17,82.6
2008-11-18,83.2
2008-11-19,76.7
2008-11-20,79.3
2008-11-21,81.9
2008-11-22,77.7
2008-11-23,76.2
2008-11-24,74.2
2008-11-25,73.9
2008-11-26,72.3
2008-11-27,72.3
2008-11-28,76.7
2008-11-29,79.8
2008-11-30,80.0
2008-12-01,80.0
2008-12-02,79.1
2008-12-03,77.7
2008-12-04,77.9
2008-12-05,78.4
2008-12-06,77.3
2008-12-07,77.7
2008-12-08,75.5
2008-12-09,74.7
2008-12-10,77.7
2008-12-11,77.7
2008-12-12,78.3
2008-12-13,78.1
2008-12-14,76.1
2008-12-15,74.0
2008-12-16,77.7
2008-12-17,77.6
2008-12-18,76.1
2008-12-19,78.3
2008-12-20,79.5
2008-12-21,78.5
2008-12-22,78.5
2008-12-23,77.9
2008-12-24,78.3
2008-12-25,78.9
2008-12-26,78.4
2008-12-27,78.2
2008-12-28,76.5
2008-12-29,76.4
2008-12-30,74.6
2008-12-31,74.9
2009-01-01,76.6
2009-01-02,76.4
2009-01-03,77.5
2009-01-04,77.1
2009-01-05,76.5
2009-01-06,77.0
2009-01-07,74.7
2009-01-08,78.9
2009-01-09,78.7
2009-01-10,77.5
2009-01-11,77.5
2009-01-12,77.7
2009-01-13,76.2
2009-01-14,77.8
2009-01-15,73.8
2009-01-16,76.0
2009-01-17,76.0
2009-01-18,74.9
2009-01-19,76.4
2009-01-20,75.2
2009-01-21,78.1
2009-01-22,75.4
2009-01-23,75.9
2009-01-24,77.2
2009-01-25,78.4
2009-01-26,78.6
2009-01-27,75.9
2009-01-28,80.6
2009-01-29,81.4
2009-01-30,79.5
2009-01-31,78.5
2009-02-01,78.4
2009-02-02,77.9
2009-02-03,80.3
2009-02-04,79.7
2009-02-05,78.4
2009-02-06,77.8
2009-02-07,80.2
2009-02-08,77.4
2009-02-09,78.1
2009-02-10,77.2
2009-02-11,77.9
2009-02-12,78.7
2009-02-13,78.4
2009-02-14,79.7
2009-02-15,78.5
2009-02-16,76.7
2009-02-17,79.7
2009-02-18,78.9
2009-02-19,80.5
2009-02-20,81.3
2009-02-21,83.2
2009-02-22,83.0
2009-02-23,82.9
2009-02-24,84.7
2009-02-25,84.6
2009-02-26,86.3
2009-02-27,83.4
2009-02-28,85.0
2009-03-01,85.8
2009-03-02,86.1
2009-03-03,85.0
2009-03-04,86.4
2009-03-05,85.3
2009-03-06,85.2
2009-03-07,85.5
2009-03-08,82.7
2009-03-09,75.2
2009-03-10,75.3
2009-03-11,81.1
2009-03-12,84.0
2009-03-13,85.5
2009-03-14,85.4
2009-03-15,84.7
2009-03-16,85.8
2009-03-17,83.1
2009-03-18,84.0
2009-03-19,84.9
2009-03-20,85.9
2009-03-21,85.5
2009-03-22,86.1
2009-03-23,85.8
2009-03-24,85.2
2009-03-25,85.6
2009-03-26,86.4
2009-03-27,87.4
2009-03-28,87.3
2009-03-29,86.2
2009-03-30,87.4
2009-03-31,87.5
2009-04-01,88.1
2009-04-02,86.6
2009-04-03,86.3
2009-04-04,86.0
2009-04-05,88.1
2009-04-06,87.7
2009-04-07,87.4
2009-04-08,86.6
2009-04-09,87.7
2009-04-10,80.6
2009-04-11,81.4
2009-04-12,81.1
2009-04-13,86.2
2009-04-14,88.8
2009-04-15,90.4
2009-04-16,90.6
2009-04-17,89.6
2009-04-18,89.3
2009-04-19,89.0
2009-04-20,88.4
2009-04-21,88.3
2009-04-22,90.8
2009-04-23,90.8
2009-04-24,91.2
2009-04-25,89.8
2009-04-26,89.3
2009-04-27,89.2
2009-04-28,90.0
2009-04-29,89.7
2009-04-30,90.3
2009-05-01,91.6
2009-05-02,91.3
2009-05-03,91.9
2009-05-04,89.8
2009-05-05,90.7
2009-05-06,91.5
2009-05-07,91.5
2009-05-08,92.1
2009-05-09,90.9
2009-05-10,92.2
2009-05-11,91.0
2009-05-12,92.9
2009-05-13,91.7
2009-05-14,92.7
2009-05-15,86.2
2009-05-16,84.8
2009-05-17,89.2
2009-05-18,86.2
2009-05-19,86.6
2009-05-20,84.8
2009-05-21,83.8
2009-05-22,87.1
2009-05-23,90.7
2009-05-24,90.1
2009-05-25,87.9
2009-05-26,88.2
2009-05-27,89.6
2009-05-28,90.5
2009-05-29,91.5
2009-05-30,85.6
2009-05-31,86.2
2009-06-01,89.9
2009-06-02,91.3
2009-06-03,90.6
2009-06-04,91.1
2009-06-05,90.0
2009-06-06,86.3
2009-06-07,88.6
2009-06-08,89.2
2009-06-09,90.5
2009-06-10,91.2
2009-06-11,87.6
2009-06-12,88.3
2009-06-13,88.5
2009-06-14,88.6
2009-06-15,89.3
2009-06-16,90.2
2009-06-17,91.1
2009-06-18,88.0
2009-06-19,89.6
2009-06-20,88.9
2009-06-21,89.1
2009-06-22,89.9
2009-06-23,90.6
2009-06-24,89.7
2009-06-25,90.6
2009-06-26,89.0
2009-06-27,90.6
2009-06-28,90.5
2009-06-29,88.5
2009-06-30,89.5
2009-07-01,88.5
2009-07-02,88.2
2009-07-03,87.0
2009-07-04,88.2
2009-07-05,86.6
2009-07-06,87.3
2009-07-07,87.6
2009-07-08,87.9
2009-07-09,88.0
2009-07-10,88.2
2009-07-11,89.6
2009-07-12,90.4
2009-07-13,88.1
2009-07-14,87.3
2009-07-15,88.7
2009-07-16,88.3
2009-07-17,87.8
2009-07-18,86.4
2009-07-19,87.1
2009-07-20,88.2
2009-07-21,88.5
2009-07-22,89.0
2009-07-23,89.4
2009-07-24,89.2
2009-07-25,91.0
2009-07-26,89.6
2009-07-27,89.6
2009-07-28,88.8
2009-07-29,87.5
2009-07-30,88.6
2009-07-31,83.9
2009-08-01,88.3
2009-08-02,89.7
2009-08-03,90.0
2009-08-04,89.1
2009-08-05,90.0
2009-08-06,89.6
2009-08-07,90.8
2009-08-08,90.4
2009-08-09,91.1
2009-08-10,90.3
2009-08-11,90.3
2009-08-12,90.3
2009-08-13,88.5
2009-08-14,87.5
2009-08-15,84.9
2009-08-16,82.2
2009-08-17,81.5
2009-08-18,84.2
2009-08-19,86.1
2009-08-20,84.9
2009-08-21,84.5
2009-08-22,86.8
2009-08-23,84.7
2009-08-24,85.3
2009-08-25,84.6
2009-08-26,86.1
2009-08-27,87.8
2009-08-28,87.4
2009-08-29,89.6
2009-08-30,88.5
2009-08-31,85.0
2009-09-01,86.1
2009-09-02,87.4
2009-09-03,87.2
2009-09-04,87.5
2009-09-05,86.6
2009-09-06,88.1
2009-09-07,89.2
2009-09-08,89.2
2009-09-09,88.5
2009-09-10,89.3
2009-09-11,89.3
2009-09-12,89.2
2009-09-13,88.6
2009-09-14,88.0
2009-09-15,86.7
2009-09-16,84.9
2009-09-17,83.7
2009-09-18,85.0
2009-09-19,83.7
2009-09-20,86.6
2009-09-21,85.1
2009-09-22,85.2
2009-09-23,85.0
2009-09-24,86.2
2009-09-25,85.8
2009-09-26,84.8
2009-09-27,85.7
2009-09-28,85.4
2009-09-29,86.9
2009-09-30,87.7
2009-10-01,85.8
2009-10-02,85.8
2009-10-03,85.5
2009-10-04,88.0
2009-10-05,88.0
2009-10-06,87.9
2009-10-07,86.8
2009-10-08,88.7
2009-10-09,88.7
2009-10-10,87.9
2009-10-11,85.7
2009-10-12,85.5
2009-10-13,84.7
2009-10-14,86.9
2009-10-15,86.2
2009-10-16,86.3
2009-10-17,86.7
2009-10-18,86.6
2009-10-19,85.5
2009-10-20,88.4
2009-10-21,85.4
2009-10-22,84.3
2009-10-23,84.4
2009-10-24,84.3
2009-10-25,84.8
2009-10-26,85.3
2009-10-27,85.3
2009-10-28,83.8
2009-10-29,77.9
2009-10-30,80.1
2009-10-31,79.4
2009-11-01,80.4
2009-11-02,80.0
2009-11-03,80.4
2009-11-04,78.2
2009-11-05,78.0
2009-11-06,78.7
2009-11-07,77.5
2009-11-08,78.9
2009-11-09,80.5
2009-11-10,79.9
2009-11-11,81.2
2009-11-12,83.2
2009-11-13,82.4
2009-11-14,76.9
2009-11-15,77.1
2009-11-16,80.1
2009-11-17,82.1
2009-11-18,80.1
2009-11-19,83.2
2009-11-20,82.5
2009-11-21,80.0
2009-11-22,78.7
2009-11-23,80.9
2009-11-24,80.4
2009-11-25,82.6
2009-11-26,81.5
2009-11-27,80.7
2009-11-28,80.1
2009-11-29,79.3
2009-11-30,79.0
2009-12-01,78.8
2009-12-02,78.2
2009-12-03,80.2
2009-12-04,80.0
2009-12-05,78.8
2009-12-06,77.3
2009-12-07,78.6
2009-12-08,77.7
2009-12-09,78.0
2009-12-10,77.2
2009-12-11,78.3
2009-12-12,77.3
2009-12-13,77.3
2009-12-14,76.6
2009-12-15,74.1
2009-12-16,73.9
2009-12-17,73.5
2009-12-18,77.4
2009-12-19,78.3
2009-12-20,78.7
2009-12-21,77.9
2009-12-22,76.0
2009-12-23,77.6
2009-12-24,77.9
2009-12-25,77.7
2009-12-26,78.0
2009-12-27,77.8
2009-12-28,76.6
2009-12-29,77.2
2009-12-30,78.9
2009-12-31,77.9
2010-01-01,78.4
2010-01-02,77.3
2010-01-03,76.6
2010-01-04,76.8
2010-01-05,75.9
2010-01-06,77.0
2010-01-07,77.1
2010-01-08,75.7
2010-01-09,76.1
2010-01-10,77.5
2010-01-11,80.3
2010-01-12,81.3
2010-01-13,79.7
2010-01-14,79.6
2010-01-15,78.2
2010-01-16,78.8
2010-01-17,78.3
2010-01-18,79.3
2010-01-19,79.1
2010-01-20,77.9
2010-01-21,77.2
2010-01-22,76.7
2010-01-23,76.7
2010-01-24,77.7
2010-01-25,79.7
2010-01-26,79.2
2010-01-27,80.4
2010-01-28,79.0
2010-01-29,78.3
2010-01-30,78.5
2010-01-31,77.9
2010-02-01,77.9
2010-02-02,76.9
2010-02-03,77.1
2010-02-04,77.3
2010-02-05,77.2
2010-02-06,78.4
2010-02-07,77.3
2010-02-08,78.1
2010-02-09,78.1
2010-02-10,80.4
2010-02-11,78.8
2010-02-12,80.9
2010-02-13,80.6
2010-02-14,82.2
2010-02-15,80.2
2010-02-16,82.5
2010-02-17,81.6
2010-02-18,82.7
2010-02-19,80.6
2010-02-20,82.6
2010-02-21,84.0
2010-02-22,84.3
2010-02-23,83.9
2010-02-24,85.4
2010-02-25,85.9
2010-02-26,84.4
2010-02-27,83.8
2010-02-28,83.5
2010-03-01,82.8
2010-03-02,82.0
2010-03-03,82.3
2010-03-04,82.5
2010-03-05,84.5
2010-03-06,87.1
2010-03-07,86.9
2010-03-08,86.0
2010-03-09,85.8
2010-03-10,85.0
2010-03-11,85.4
2010-03-12,85.1
2010-03-13,85.7
2010-03-14,85.5
2010-03-15,86.5
2010-03-16,87.0
2010-03-17,85.0
2010-03-18,86.2
2010-03-19,85.1
2010-03-20,87.2
2010-03-21,87.7
2010-03-22,87.5
2010-03-23,86.8
2010-03-24,86.6
2010-03-25,87.3
2010-03-26,89.4
2010-03-27,88.9
2010-03-28,88.5
2010-03-29,90.0
2010-03-30,89.4
2010-03-31,91.9
2010-04-01,92.4
2010-04-02,92.2
2010-04-03,91.3
2010-04-04,90.2
2010-04-05,91.7
2010-04-06,90.4
2010-04-07,89.7
2010-04-08,86.5
2010-04-09,91.8
2010-04-10,90.8
2010-04-11,90.0
2010-04-12,90.6
2010-04-13,90.7
2010-04-14,91.6
2010-04-15,89.6
2010-04-16,92.0
2010-04-17,91.5
2010-04-18,90.9
2010-04-19,91.6
2010-04-20,92.7
2010-04-21,92.6
2010-04-22,91.2
2010-04-23,92.3
2010-04-24,91.4
2010-04-25,91.7
2010-04-26,90.1
2010-04-27,89.7
2010-04-28,91.2
2010-04-29,90.1
2010-04-30,88.9
2010-05-01,85.0
2010-05-02,90.3
2010-05-03,88.4
2010-05-04,88.8
2010-05-05,86.7
2010-05-06,89.7
2010-05-07,89.2
2010-05-08,90.9
2010-05-09,90.6
2010-05-10,91.3
2010-05-11,91.5
2010-05-12,92.3
2010-05-13,92.5
2010-05-14,92.9
2010-05-15,92.9
2010-05-16,91.6
2010-05-17,90.0
2010-05-18,85.5
2010-05-19,84.7
2010-05-20,85.0
2010-05-21,86.9
2010-05-22,90.5
2010-05-23,89.4
2010-05-24,91.7
2010-05-25,92.6
2010-05-26,92.0
2010-05-27,93.2
2010-05-28,88.6
2010-05-29,90.6
2010-05-30,89.1
2010-05-31,90.9
2010-06-01,90.9
2010-06-02,91.5
2010-06-03,92.7
2010-06-04,90.3
2010-06-05,87.9
2010-06-06,87.7
2010-06-07,86.5
2010-06-08,88.2
2010-06-09,86.6
2010-06-10,86.2
2010-06-11,86.3
2010-06-12,87.2
2010-06-13,87.7
2010-06-14,88.6
2010-06-15,87.8
2010-06-16,87.7
2010-06-17,85.4
2010-06-18,84.2
2010-06-19,86.0
2010-06-20,84.8
2010-06-21,87.4
2010-06-22,83.9
2010-06-23,86.1
2010-06-24,87.1
2010-06-25,86.5
2010-06-26,88.1
2010-06-27,91.3
2010-06-28,88.4
2010-06-29,89.1
2010-06-30,88.8
2010-07-01,86.9
2010-07-02,88.3
2010-07-03,89.0
2010-07-04,89.6
2010-07-05,87.2
2010-07-06,87.9
2010-07-07,88.2
2010-07-08,85.7
2010-07-09,83.8
2010-07-10,88.0
2010-07-11,87.7
2010-07-12,85.3
2010-07-13,85.2
2010-07-14,85.9
2010-07-15,89.2
2010-07-16,88.2
2010-07-17,87.0
2010-07-18,86.7
2010-07-19,85.1
2010-07-20,86.0
2010-07-21,85.9
2010-07-22,87.6
2010-07-23,89.6
2010-07-24,88.3
2010-07-25,87.3
2010-07-26,88.0
2010-07-27,87.4
2010-07-28,85.5
2010-07-29,85.4
2010-07-30,87.2
2010-07-31,88.3
2010-08-01,88.1
2010-08-02,90.2
2010-08-03,89.2
2010-08-04,86.5
2010-08-05,89.3
2010-08-06,90.5
2010-08-07,89.9
2010-08-08,88.0
2010-08-09,90.0
2010-08-10,89.0
2010-08-11,89.5
2010-08-12,88.1
2010-08-13,89.4
2010-08-14,89.8
2010-08-15,82.7
2010-08-16,85.5
2010-08-17,87.6
2010-08-18,87.1
2010-08-19,88.1
2010-08-20,84.0
2010-08-21,78.2
2010-08-22,82.2
2010-08-23,84.2
2010-08-24,82.7
2010-08-25,85.5
2010-08-26,86.2
2010-08-27,86.6
2010-08-28,84.0
2010-08-29,85.6
2010-08-30,83.4
2010-08-31,87.0
2010-09-01,88.2
2010-09-02,87.8
2010-09-03,86.0
2010-09-04,86.8
2010-09-05,88.0
2010-09-06,89.0
2010-09-07,87.8
2010-09-08,87.2
2010-09-09,87.3
2010-09-10,84.4
2010-09-11,83.3
2010-09-12,81.7
2010-09-13,82.3
2010-09-14,83.6
2010-09-15,82.2
2010-09-16,85.2
2010-09-17,84.2
2010-09-18,85.4
2010-09-19,86.1
2010-09-20,86.8
2010-09-21,84.4
2010-09-22,86.6
2010-09-23,83.1
2010-09-24,83.5
2010-09-25,85.0
2010-09-26,82.9
2010-09-27,83.5
2010-09-28,83.0
2010-09-29,80.4
2010-09-30,83.6
2010-10-01,82.7
2010-10-02,81.6
2010-10-03,82.0
2010-10-04,84.3
2010-10-05,83.5
2010-10-06,83.9
2010-10-07,85.1
2010-10-08,82.1
2010-10-09,81.8
2010-10-10,85.7
2010-10-11,85.8
2010-10-12,87.4
2010-10-13,86.6
2010-10-14,84.5
2010-10-15,82.8
2010-10-16,86.6
2010-10-17,85.3
2010-10-18,86.6
2010-10-19,84.5
2010-10-20,84.9
2010-10-21,83.6
2010-10-22,85.0
2010-10-23,84.4
2010-10-24,87.1
2010-10-25,85.9
2010-10-26,85.3
2010-10-27,82.7
2010-10-28,78.9
2010-10-29,81.7
2010-10-30,80.8
2010-10-31,81.8
2010-11-01,78.7
2010-11-02,82.3
2010-11-03,83.2
2010-11-04,81.0
2010-11-05,81.2
2010-11-06,80.4
2010-11-07,74.6
2010-11-08,83.0
2010-11-09,84.2
2010-11-10,81.6
2010-11-11,78.5
2010-11-12,81.6
2010-11-13,83.4
2010-11-14,82.1
2010-11-15,80.6
2010-11-16,81.9
2010-11-17,81.4
2010-11-18,79.7
2010-11-19,79.0
2010-11-20,80.8
2010-11-21,79.3
2010-11-22,79.0
2010-11-23,79.6
2010-11-24,79.1
2010-11-25,74.5
2010-11-26,74.9
2010-11-27,74.8
2010-11-28,72.9
2010-11-29,79.6
2010-11-30,78.3
2010-12-01,74.4
2010-12-02,78.1
2010-12-03,76.8
2010-12-04,75.7
2010-12-05,74.0
2010-12-06,76.2
2010-12-07,80.1
2010-12-08,78.2
2010-12-09,81.1
2010-12-10,81.3
2010-12-11,82.1
2010-12-12,81.9
2010-12-13,80.2
2010-12-14,81.0
2010-12-15,78.5
2010-12-16,78.5
2010-12-17,76.7
2010-12-18,76.6
2010-12-19,75.0
2010-12-20,77.1
2010-12-21,78.7
2010-12-22,76.3
2010-12-23,76.3
2010-12-24,75.5
2010-12-25,77.3
2010-12-26,75.4
2010-12-27,76.2
2010-12-28,74.0
2010-12-29,75.4
2010-12-30,73.4
2010-12-31,76.7
2011-01-01,78.9
2011-01-02,79.3
2011-01-03,79.1
2011-01-04,77.4
2011-01-05,76.7
2011-01-06,77.9
2011-01-07,78.9
2011-01-08,80.6
2011-01-09,79.8
2011-01-10,78.6
2011-01-11,76.6
2011-01-12,75.4
2011-01-13,74.3
2011-01-14,75.9
2011-01-15,78.2
2011-01-16,79.0
2011-01-17,77.8
2011-01-18,77.4
2011-01-19,75.9
2011-01-20,76.1
2011-01-21,75.9
2011-01-22,77.9
2011-01-23,78.0
2011-01-24,77.1
2011-01-25,76.6
2011-01-26,78.1
2011-01-27,78.1
2011-01-28,78.3
2011-01-29,78.2
2011-01-30,78.7
2011-01-31,77.8
2011-02-01,79.3
2011-02-02,77.5
2011-02-03,79.0
2011-02-04,77.3
2011-02-05,78.8
2011-02-06,78.6
2011-02-07,79.6
2011-02-08,78.8
2011-02-09,78.1
2011-02-10,77.6
2011-02-11,78.6
2011-02-12,77.0
2011-02-13,75.6
2011-02-14,77.5
2011-02-15,80.0
2011-02-16,79.6
2011-02-17,82.0
2011-02-18,83.8
2011-02-19,84.4
2011-02-20,83.4
2011-02-21,83.9
2011-02-22,81.6
2011-02-23,82.2
2011-02-24,80.0
2011-02-25,82.3
2011-02-26,80.6
2011-02-27,80.9
2011-02-28,80.7
2011-03-01,82.0
2011-03-02,79.2
2011-03-03,81.7
2011-03-04,81.9
2011-03-05,84.1
2011-03-06,81.6
2011-03-07,83.7
2011-03-08,83.6
2011-03-09,85.5
2011-03-10,84.2
2011-03-11,84.7
2011-03-12,83.6
2011-03-13,84.1
2011-03-14,84.4
2011-03-15,84.9
2011-03-16,83.9
2011-03-17,82.1
2011-03-18,82.4
2011-03-19,84.8
2011-03-20,86.0
2011-03-21,87.6
2011-03-22,87.5
2011-03-23,87.8
2011-03-24,87.3
2011-03-25,88.3
2011-03-26,86.4
2011-03-27,89.8
2011-03-28,87.1
2011-03-29,89.3
2011-03-30,87.7
2011-03-31,88.5
2011-04-01,88.3
2011-04-02,89.9
2011-04-03,89.6
2011-04-04,88.0
2011-04-05,88.0
2011-04-06,87.5
2011-04-07,87.1
2011-04-08,87.7
2011-04-09,88.2
2011-04-10,88.0
2011-04-11,88.1
2011-04-12,88.8
2011-04-13,89.1
2011-04-14,89.8
2011-04-15,88.5
2011-04-16,88.2
2011-04-17,87.4
2011-04-18,88.7
2011-04-19,88.0
2011-04-20,84.7
2011-04-21,82.2
2011-04-22,84.8
2011-04-23,81.7
2011-04-24,82.8
2011-04-25,80.4
2011-04-26,85.8
2011-04-27,87.1
2011-04-28,89.2
2011-04-29,87.8
2011-04-30,89.1
2011-05-01,89.4
2011-05-02,90.5
2011-05-03,87.7
2011-05-04,87.6
2011-05-05,89.6
2011-05-06,91.8
2011-05-07,90.8
2011-05-08,89.1
2011-05-09,89.6
2011-05-10,90.4
2011-05-11,89.9
2011-05-12,90.0
2011-05-13,89.9
2011-05-14,90.9
2011-05-15,89.9
2011-05-16,89.8
2011-05-17,89.8
2011-05-18,89.9
2011-05-19,88.0
2011-05-20,88.4
2011-05-21,87.2
2011-05-22,90.5
2011-05-23,90.7
2011-05-24,90.4
2011-05-25,91.0
2011-05-26,92.1
2011-05-27,91.1
2011-05-28,90.8
2011-05-29,91.4
2011-05-30,91.7
2011-05-31,90.1
2011-06-01,86.7
2011-06-02,83.5
2011-06-03,85.0
2011-06-04,86.4
2011-06-05,88.7
2011-06-06,88.5
2011-06-07,89.2
2011-06-08,90.8
2011-06-09,89.6
2011-06-10,89.8
2011-06-11,89.6
2011-06-12,90.0
2011-06-13,90.1
2011-06-14,88.8
2011-06-15,89.1
2011-06-16,89.1
2011-06-17,88.7
2011-06-18,85.7
2011-06-19,89.4
2011-06-20,89.8
2011-06-21,91.2
2011-06-22,89.6
2011-06-23,90.1
2011-06-24,90.2
2011-06-25,88.7
2011-06-26,89.8
2011-06-27,88.5
2011-06-28,88.4
2011-06-29,92.2
2011-06-30,90.2
2011-07-01,88.0
2011-07-02,89.4
2011-07-03,89.3
2011-07-04,89.2
2011-07-05,86.8
2011-07-06,87.5
2011-07-07,89.0
2011-07-08,90.0
2011-07-09,87.9
2011-07-10,88.8
2011-07-11,87.6
2011-07-12,87.1
2011-07-13,87.1
2011-07-14,87.9
2011-07-15,88.4
2011-07-16,86.6
2011-07-17,88.2
2011-07-18,88.0
2011-07-19,89.3
2011-07-20,89.8
2011-07-21,88.7
2011-07-22,86.9
2011-07-23,87.3
2011-07-24,87.8
2011-07-25,86.2
2011-07-26,85.5
2011-07-27,88.3
2011-07-28,88.5
2011-07-29,86.8
2011-07-30,86.1
2011-07-31,88.5
2011-08-01,88.0
2011-08-02,87.8
2011-08-03,85.8
2011-08-04,89.8
2011-08-05,86.5
2011-08-06,88.0
2011-08-07,87.7
2011-08-08,82.8
2011-08-09,85.1
2011-08-10,86.8
2011-08-11,87.7
2011-08-12,87.9
2011-08-13,88.9
2011-08-14,88.7
2011-08-15,84.0
2011-08-16,84.6
2011-08-17,84.5
2011-08-18,82.9
2011-08-19,84.5
2011-08-20,85.9
2011-08-21,84.3
2011-08-22,83.9
2011-08-23,85.4
2011-08-24,86.5
2011-08-25,83.3
2011-08-26,82.4
2011-08-27,85.0
2011-08-28,86.9
2011-08-29,86.8
2011-08-30,86.4
2011-08-31,82.9
2011-09-01,85.4
2011-09-02,82.9
2011-09-03,85.5
2011-09-04,83.9
2011-09-05,86.2
2011-09-06,85.3
2011-09-07,87.9
2011-09-08,86.6
2011-09-09,87.3
2011-09-10,83.9
2011-09-11,85.4
2011-09-12,82.6
2011-09-13,84.4
2011-09-14,86.3
2011-09-15,84.2
2011-09-16,85.1
2011-09-17,86.0
2011-09-18,85.4
2011-09-19,87.6
2011-09-20,83.9
2011-09-21,87.0
2011-09-22,86.1
2011-09-23,85.2
2011-09-24,85.5
2011-09-25,86.2
2011-09-26,84.6
2011-09-27,84.9
2011-09-28,85.3
2011-09-29,86.0
2011-09-30,82.0
2011-10-01,82.7
2011-10-02,83.5
2011-10-03,84.2
2011-10-04,83.0
2011-10-05,85.6
2011-10-06,86.3
2011-10-07,83.6
2011-10-08,83.8
2011-10-09,84.5
2011-10-10,83.6
2011-10-11,83.8
2011-10-12,82.3
2011-10-13,83.6
2011-10-14,82.7
2011-10-15,83.2
2011-10-16,82.7
2011-10-17,83.7
2011-10-18,83.5
2011-10-19,82.8
2011-10-20,84.0
2011-10-21,84.3
2011-10-22,81.7
2011-10-23,79.6
2011-10-24,80.9
2011-10-25,77.6
2011-10-26,77.0
2011-10-27,79.8
2011-10-28,79.9
2011-10-29,79.0
2011-10-30,78.7
2011-10-31,78.3
2011-11-01,77.3
2011-11-02,77.5
2011-11-03,78.9
2011-11-04,80.5
2011-11-05,80.9
2011-11-06,81.9
2011-11-07,79.8
2011-11-08,78.7
2011-11-09,78.5
2011-11-10,78.5
2011-11-11,80.8
2011-11-12,81.1
2011-11-13,81.2
2011-11-14,79.5
2011-11-15,80.5
2011-11-16,80.6
2011-11-17,76.1
2011-11-18,76.3
2011-11-19,78.3
2011-11-20,78.3
2011-11-21,78.3
2011-11-22,78.5
2011-11-23,79.1
2011-11-24,75.7
2011-11-25,75.2
2011-11-26,76.2
2011-11-27,77.2
2011-11-28,80.0
2011-11-29,79.2
2011-11-30,79.8
2011-12-01,80.0
2011-12-02,79.6
2011-12-03,79.7
2011-12-04,79.3
2011-12-05,79.0
2011-12-06,79.0
2011-12-07,77.8
2011-12-08,77.9
2011-12-09,79.5
2011-12-10,79.3
2011-12-11,78.9
2011-12-12,79.6
2011-12-13,78.7
2011-12-14,77.6
2011-12-15,77.7
2011-12-16,77.4
2011-12-17,76.7
2011-12-18,76.7
2011-12-19,76.5
2011-12-20,76.6
2011-12-21,76.9
2011-12-22,76.1
2011-12-23,74.7
2011-12-24,75.0
2011-12-25,75.5
2011-12-26,74.3
2011-12-27,73.0
2011-12-28,73.8
2011-12-29,78.3
2011-12-30,74.1
2011-12-31,75.4
2012-01-01,78.8
2012-01-02,80.6
2012-01-03,80.3
2012-01-04,80.1
2012-01-05,80.6
2012-01-06,80.0
2012-01-07,78.9
2012-01-08,78.3
2012-01-09,79.6
2012-01-10,80.3
2012-01-11,78.9
2012-01-12,78.4
2012-01-13,78.2
2012-01-14,76.3
2012-01-15,73.3
2012-01-16,73.3
2012-01-17,74.9
2012-01-18,75.1
2012-01-19,75.5
2012-01-20,75.4
2012-01-21,75.9
2012-01-22,76.2
2012-01-23,75.4
2012-01-24,74.9
2012-01-25,75.6
2012-01-26,76.1
2012-01-27,78.4
2012-01-28,78.1
2012-01-29,78.4
2012-01-30,78.3
2012-01-31,76.1
2012-02-01,76.5
2012-02-02,76.9
2012-02-03,78.5
2012-02-04,78.5
2012-02-05,77.9
2012-02-06,79.6
2012-02-07,80.8
2012-02-08,80.4
2012-02-09,81.8
2012-02-10,81.3
2012-02-11,81.7
2012-02-12,80.8
2012-02-13,81.1
2012-02-14,80.7
2012-02-15,80.1
2012-02-16,82.5
2012-02-17,81.1
2012-02-18,80.8
2012-02-19,80.8
2012-02-20,81.4
2012-02-21,80.9
2012-02-22,80.8
2012-02-23,80.7
2012-02-24,80.2
2012-02-25,78.3
2012-02-26,80.4
2012-02-27,81.5
2012-02-28,85.0
2012-02-29,86.8
2012-03-01,87.1
2012-03-02,87.2
2012-03-03,87.9
2012-03-04,87.2
2012-03-05,86.1
2012-03-06,85.1
2012-03-07,86.0
2012-03-08,86.3
2012-03-09,86.6
2012-03-10,85.5
2012-03-11,84.4
2012-03-12,81.9
2012-03-13,84.2
2012-03-14,85.9
2012-03-15,86.4
2012-03-16,86.2
2012-03-17,87.1
2012-03-18,86.9
2012-03-19,87.0
2012-03-20,88.7
2012-03-21,87.9
2012-03-22,87.4
2012-03-23,86.9
2012-03-24,84.2
2012-03-25,84.0
2012-03-26,84.2
2012-03-27,84.5
2012-03-28,87.1
2012-03-29,88.3
2012-03-30,89.0
2012-03-31,85.5
2012-04-01,86.9
2012-04-02,86.6
2012-04-03,87.3
2012-04-04,88.0
2012-04-05,88.7
2012-04-06,89.9
2012-04-07,90.8
2012-04-08,90.1
2012-04-09,90.6
2012-04-10,90.9
2012-04-11,91.2
2012-04-12,90.6
2012-04-13,90.5
2012-04-14,88.0
2012-04-15,91.8
2012-04-16,90.2
2012-04-17,91.5
2012-04-18,91.7
2012-04-19,92.2
2012-04-20,90.2
2012-04-21,92.9
2012-04-22,91.0
2012-04-23,90.0
2012-04-24,84.8
2012-04-25,86.8
2012-04-26,81.8
2012-04-27,85.9
2012-04-28,89.2
2012-04-29,87.7
2012-04-30,88.2
2012-05-01,85.5
2012-05-02,89.5
2012-05-03,89.4
2012-05-04,89.8
2012-05-05,87.4
2012-05-06,90.9
2012-05-07,89.7
2012-05-08,89.4
2012-05-09,90.4
2012-05-10,87.0
2012-05-11,85.5
2012-05-12,88.2
2012-05-13,88.5
2012-05-14,88.6
2012-05-15,87.6
2012-05-16,89.6
2012-05-17,90.7
2012-05-18,90.9
2012-05-19,91.3
2012-05-20,91.0
2012-05-21,88.2
2012-05-22,90.1
2012-05-23,90.8
2012-05-24,89.8
2012-05-25,91.1
2012-05-26,87.7
2012-05-27,90.5
2012-05-28,91.7
2012-05-29,91.4
2012-05-30,90.9
2012-05-31,90.5
2012-06-01,92.1
2012-06-02,92.3
2012-06-03,92.2
2012-06-04,92.0
2012-06-05,91.7
2012-06-06,91.1
2012-06-07,90.4
2012-06-08,89.6
2012-06-09,91.2
2012-06-10,90.5
2012-06-11,91.7
2012-06-12,89.2
2012-06-13,86.5
2012-06-14,86.6
2012-06-15,88.7
2012-06-16,86.7
2012-06-17,82.2
2012-06-18,82.3
2012-06-19,85.4
2012-06-20,85.9
2012-06-21,87.4
2012-06-22,88.2
2012-06-23,89.7
2012-06-24,89.1
2012-06-25,86.8
2012-06-26,86.0
2012-06-27,87.3
2012-06-28,86.5
2012-06-29,87.7
2012-06-30,89.1
2012-07-01,87.9
2012-07-02,87.0
2012-07-03,88.0
2012-07-04,90.0
2012-07-05,90.5
2012-07-06,89.3
2012-07-07,90.0
2012-07-08,89.9
2012-07-09,87.8
2012-07-10,87.9
2012-07-11,89.8
2012-07-12,90.4
2012-07-13,88.4
2012-07-14,83.8
2012-07-15,84.9
2012-07-16,85.2
2012-07-17,85.7
2012-07-18,86.0
2012-07-19,87.8
2012-07-20,87.7
2012-07-21,87.5
2012-07-22,87.2
2012-07-23,88.4
2012-07-24,88.9
2012-07-25,88.7
2012-07-26,87.8
2012-07-27,87.6
2012-07-28,88.6
2012-07-29,90.2
2012-07-30,89.1
2012-07-31,88.3
2012-08-01,89.0
2012-08-02,89.6
2012-08-03,89.1
2012-08-04,89.0
2012-08-05,90.0
2012-08-06,88.4
2012-08-07,84.1
2012-08-08,85.2
2012-08-09,83.5
2012-08-10,85.6
2012-08-11,83.9
2012-08-12,85.2
2012-08-13,88.1
2012-08-14,86.9
2012-08-15,84.6
2012-08-16,83.2
2012-08-17,82.6
2012-08-18,86.4
2012-08-19,88.4
2012-08-20,87.7
2012-08-21,85.6
2012-08-22,85.4
2012-08-23,87.6
2012-08-24,84.4
2012-08-25,84.2
2012-08-26,85.4
2012-08-27,85.5
2012-08-28,84.6
2012-08-29,85.1
2012-08-30,84.6
2012-08-31,84.2
2012-09-01,87.4
2012-09-02,87.8
2012-09-03,87.0
2012-09-04,85.2
2012-09-05,89.1
2012-09-06,85.9
2012-09-07,86.4
2012-09-08,83.2
2012-09-09,81.9
2012-09-10,85.7
2012-09-11,88.4
2012-09-12,87.5
2012-09-13,86.9
2012-09-14,86.3
2012-09-15,84.1
2012-09-16,87.3
2012-09-17,88.5
2012-09-18,86.3
2012-09-19,86.7
2012-09-20,85.2
2012-09-21,86.8
2012-09-22,87.4
2012-09-23,87.1
2012-09-24,86.1
2012-09-25,88.0
2012-09-26,87.9
2012-09-27,82.5
2012-09-28,82.2
2012-09-29,84.0
2012-09-30,83.0
2012-10-01,85.3
2012-10-02,86.3
2012-10-03,85.8
2012-10-04,86.1
2012-10-05,87.4
2012-10-06,86.8
2012-10-07,86.0
2012-10-08,83.4
2012-10-09,82.5
2012-10-10,84.1
2012-10-11,86.6
2012-10-12,83.3
2012-10-13,84.0
2012-10-14,83.9
2012-10-15,81.4
2012-10-16,80.1
2012-10-17,79.8
2012-10-18,80.0
2012-10-19,77.3
2012-10-20,76.1
2012-10-21,78.2
2012-10-22,79.0
2012-10-23,78.4
2012-10-24,76.4
2012-10-25,81.2
2012-10-26,82.5
2012-10-27,82.1
2012-10-28,79.3
2012-10-29,79.6
2012-10-30,75.1
2012-10-31,71.6
2012-11-01,79.0
2012-11-02,82.1
2012-11-03,83.6
2012-11-04,82.8
2012-11-05,82.8
2012-11-06,82.0
2012-11-07,82.9
2012-11-08,83.3
2012-11-09,83.2
2012-11-10,82.5
2012-11-11,81.8
2012-11-12,81.3
2012-11-13,80.3
2012-11-14,79.6
2012-11-15,78.6
2012-11-16,79.0
2012-11-17,79.4
2012-11-18,79.4
2012-11-19,80.2
2012-11-20,82.1
2012-11-21,84.1
2012-11-22,84.5
2012-11-23,82.6
2012-11-24,82.4
2012-11-25,79.8
2012-11-26,81.5
2012-11-27,80.9
2012-11-28,79.5
2012-11-29,77.9
2012-11-30,78.0
2012-12-01,79.0
2012-12-02,81.3
2012-12-03,81.3
2012-12-04,81.3
2012-12-05,82.4
2012-12-06,81.3
2012-12-07,81.4
2012-12-08,81.3
2012-12-09,80.4
2012-12-10,79.1
2012-12-11,79.8
2012-12-12,79.6
2012-12-13,79.0
2012-12-14,79.5
2012-12-15,78.9
2012-12-16,78.8
2012-12-17,78.9
2012-12-18,79.4
2012-12-19,79.2
2012-12-20,79.4
2012-12-21,79.1
2012-12-22,79.2
2012-12-23,78.8
2012-12-24,79.1
2012-12-25,79.8
2012-12-26,80.0
2012-12-27,79.5
2012-12-28,75.2
2012-12-29,76.8
2012-12-30,81.2
2012-12-31,81.1
2013-01-01,80.8
2013-01-02,79.9
2013-01-03,80.3
2013-01-04,80.9
2013-01-05,80.2
2013-01-06,80.8
2013-01-07,80.4
2013-01-08,79.7
2013-01-09,77.7
2013-01-10,79.7
2013-01-11,79.3
2013-01-12,79.1
2013-01-13,77.8
2013-01-14,77.3
2013-01-15,77.1
2013-01-16,78.4
2013-01-17,77.4
2013-01-18,79.3
2013-01-19,78.6
2013-01-20,80.0
2013-01-21,80.1
2013-01-22,79.0
2013-01-23,79.0
2013-01-24,79.1
2013-01-25,78.9
2013-01-26,78.3
2013-01-27,78.5
2013-01-28,79.3
2013-01-29,79.0
2013-01-30,78.5
2013-01-31,78.5
2013-02-01,78.2
2013-02-02,77.9
2013-02-03,79.5
2013-02-04,80.0
2013-02-05,80.9
2013-02-06,81.5
2013-02-07,82.4
2013-02-08,83.0
2013-02-09,81.9
2013-02-10,80.7
2013-02-11,80.9
2013-02-12,81.7
2013-02-13,81.4
2013-02-14,77.6
2013-02-15,80.1
2013-02-16,82.4
2013-02-17,85.4
2013-02-18,85.1
2013-02-19,83.6
2013-02-20,82.5
2013-02-21,81.4
2013-02-22,81.1
2013-02-23,81.3
2013-02-24,80.2
2013-02-25,80.5
2013-02-26,79.6
2013-02-27,81.7
2013-02-28,82.5
2013-03-01,82.1
2013-03-02,83.1
2013-03-03,82.8
2013-03-04,82.1
2013-03-05,78.8
2013-03-06,80.2
2013-03-07,81.7
2013-03-08,83.1
2013-03-09,84.4
2013-03-10,85.3
2013-03-11,85.2
2013-03-12,83.5
2013-03-13,84.5
2013-03-14,85.1
2013-03-15,85.2
2013-03-16,84.9
2013-03-17,84.6
2013-03-18,84.0
2013-03-19,85.3
2013-03-20,85.2
2013-03-21,85.2
2013-03-22,85.4
2013-03-23,86.3
2013-03-24,86.2
2013-03-25,88.1
2013-03-26,89.3
2013-03-27,88.9
2013-03-28,89.3
2013-03-29,89.7
2013-03-30,89.5
2013-03-31,90.6
2013-04-01,91.1
2013-04-02,88.9
2013-04-03,89.3
2013-04-04,91.4
2013-04-05,90.8
2013-04-06,91.7
2013-04-07,91.1
2013-04-08,90.8
2013-04-09,91.2
2013-04-10,89.9
2013-04-11,90.5
2013-04-12,90.2
2013-04-13,90.6
2013-04-14,91.1
2013-04-15,92.6
2013-04-16,92.4
2013-04-17,91.8
2013-04-18,92.8
2013-04-19,91.8
2013-04-20,92.0
2013-04-21,91.4
2013-04-22,92.2
2013-04-23,91.4
2013-04-24,90.8
2013-04-25,90.2
2013-04-26,90.6
2013-04-27,90.5
2013-04-28,92.4
2013-04-29,91.8
2013-04-30,92.7
2013-05-01,91.5
2013-05-02,92.3
2013-05-03,92.5
2013-05-04,92.9
2013-05-05,92.4
2013-05-06,90.5
2013-05-07,89.0
2013-05-08,92.4
2013-05-09,93.7
2013-05-10,92.9
2013-05-11,93.7
2013-05-12,93.0
2013-05-13,88.5
2013-05-14,92.0
2013-05-15,93.2
2013-05-16,92.3
2013-05-17,93.1
2013-05-18,92.8
2013-05-19,92.5
2013-05-20,92.8
2013-05-21,91.4
2013-05-22,93.3
2013-05-23,94.4
2013-05-24,91.3
2013-05-25,90.3
2013-05-26,89.7
2013-05-27,90.3
2013-05-28,90.9
2013-05-29,92.3
2013-05-30,86.8
2013-05-31,86.0
2013-06-01,86.0
2013-06-02,87.6
2013-06-03,88.4
2013-06-04,90.5
2013-06-05,90.6
2013-06-06,88.1
2013-06-07,89.8
2013-06-08,88.5
2013-06-09,89.4
2013-06-10,90.7
2013-06-11,88.5
2013-06-12,87.6
2013-06-13,87.3
2013-06-14,89.0
2013-06-15,91.2
2013-06-16,88.6
2013-06-17,87.9
2013-06-18,88.5
2013-06-19,89.4
2013-06-20,89.5
2013-06-21,89.7
2013-06-22,87.7
2013-06-23,86.8
2013-06-24,87.0
2013-06-25,88.5
2013-06-26,88.6
2013-06-27,89.5
2013-06-28,88.8
2013-06-29,90.2
2013-06-30,90.4
2013-07-01,88.7
2013-07-02,89.8
2013-07-03,89.1
2013-07-04,88.6
2013-07-05,88.7
2013-07-06,90.2
2013-07-07,89.3
2013-07-08,88.5
2013-07-09,87.5
2013-07-10,85.5
2013-07-11,86.4
2013-07-12,87.9
2013-07-13,89.6
2013-07-14,90.3
2013-07-15,88.2
2013-07-16,87.5
2013-07-17,89.8
2013-07-18,87.7
2013-07-19,85.3
2013-07-20,88.1
2013-07-21,87.1
2013-07-22,87.4
2013-07-23,88.4
2013-07-24,87.8
2013-07-25,88.3
2013-07-26,87.8
2013-07-27,89.4
2013-07-28,89.8
2013-07-29,89.2
2013-07-30,88.5
2013-07-31,88.9
2013-08-01,88.3
2013-08-02,89.5
2013-08-03,88.0
2013-08-04,84.6
2013-08-05,87.2
2013-08-06,87.9
2013-08-07,88.6
2013-08-08,88.3
2013-08-09,85.2
2013-08-10,82.4
2013-08-11,84.4
2013-08-12,85.8
2013-08-13,87.1
2013-08-14,85.5
2013-08-15,84.9
2013-08-16,85.5
2013-08-17,84.7
2013-08-18,85.8
2013-08-19,87.9
2013-08-20,88.6
2013-08-21,89.6
2013-08-22,89.0
2013-08-23,88.9
2013-08-24,89.6
2013-08-25,89.3
2013-08-26,87.3
2013-08-27,87.6
2013-08-28,86.8
2013-08-29,86.5
2013-08-30,87.3
2013-08-31,88.8
2013-09-01,88.3
2013-09-02,87.8
2013-09-03,85.5
2013-09-04,84.8
2013-09-05,84.6
2013-09-06,80.7
2013-09-07,81.1
2013-09-08,82.1
2013-09-10,82.5
2013-09-11,81.0
2013-09-12,80.3
2013-09-13,83.1
2013-09-14,84.4
2013-09-15,84.4
2013-09-16,85.8
2013-09-17,83.3
2013-09-18,84.7
2013-09-19,86.6
2013-09-20,87.0
2013-09-21,86.7
2013-09-22,88.0
2013-09-23,87.2
2013-09-24,87.3
2013-09-25,87.2
2013-09-26,86.6
2013-09-27,87.2
2013-09-28,86.9
2013-09-29,86.4
2013-09-30,87.9
2013-10-01,86.6
2013-10-02,86.5
2013-10-03,85.7
2013-10-04,87.0
2013-10-05,87.0
2013-10-06,87.6
2013-10-07,87.6
2013-10-08,82.3
2013-10-09,84.1
2013-10-10,82.6
2013-10-11,85.0
2013-10-12,85.4
2013-10-13,86.6
2013-10-14,86.9
2013-10-15,86.1
2013-10-16,84.3
2013-10-17,84.9
2013-10-18,82.3
2013-10-19,80.4
2013-10-20,79.5
2013-10-21,80.7
2013-10-22,81.7
2013-10-23,82.8
2013-10-24,83.9
2013-10-25,81.5
2013-10-26,83.1
2013-10-27,84.2
2013-10-28,84.4
2013-10-29,84.4
2013-10-30,84.2
2013-10-31,84.0
2013-11-01,84.2
2013-11-02,81.1
2013-11-03,82.2
2013-11-04,78.8
2013-11-05,77.5
2013-11-06,78.2
2013-11-07,80.6
2013-11-08,80.2
2013-11-09,79.9
2013-11-10,81.1
2013-11-11,81.5
2013-11-12,81.1
2013-11-13,81.1
2013-11-14,80.0
2013-11-15,80.3
2013-11-16,71.8
2013-11-17,78.8
2013-11-18,78.1
2013-11-19,80.0
2013-11-20,81.4
2013-11-21,82.0
2013-11-22,81.0
2013-11-23,81.7
2013-11-24,78.0
2013-11-25,80.7
2013-11-26,81.2
2013-11-27,80.2
2013-11-28,79.8
2013-11-29,79.3
2013-11-30,79.4
2013-12-01,78.5
2013-12-02,77.1
2013-12-03,77.2
2013-12-04,76.1
2013-12-05,78.2
2013-12-06,78.1
2013-12-07,78.3
2013-12-08,79.8
2013-12-09,79.0
2013-12-10,80.0
2013-12-11,81.8
2013-12-12,76.7
2013-12-13,76.5
2013-12-14,78.3
2013-12-15,78.1
2013-12-16,75.4
2013-12-17,74.8
2013-12-18,75.7
2013-12-19,75.8
2013-12-20,76.1
2013-12-21,75.6
2013-12-22,75.7
2013-12-23,76.7
2013-12-24,77.8
2013-12-25,77.3
2013-12-26,75.0
2013-12-27,75.3
2013-12-28,75.5
2013-12-29,75.4
2013-12-30,76.6
2013-12-31,76.6
2014-01-01,76.6
2014-01-02,76.2
2014-01-03,77.2
2014-01-04,75.8
2014-01-05,77.8
2014-01-06,78.3
2014-01-07,77.5
2014-01-08,77.2
2014-01-09,77.0
2014-01-10,76.9
2014-01-11,76.6
2014-01-12,77.5
2014-01-13,77.4
2014-01-14,78.1
2014-01-15,77.9
2014-01-16,78.3
2014-01-17,77.3
2014-01-18,76.8
2014-01-19,77.8
2014-01-20,77.9
2014-01-21,77.7
2014-01-22,77.8
2014-01-23,77.7
2014-01-24,78.5
2014-01-25,77.3
2014-01-26,76.8
2014-01-27,76.9
2014-01-28,77.3
2014-01-29,77.4
2014-01-30,78.2
2014-01-31,77.8
2014-02-01,79.4
2014-02-02,79.4
2014-02-03,78.7
2014-02-04,77.5
2014-02-05,78.6
2014-02-06,78.0
2014-02-07,77.6
2014-02-08,77.5
2014-02-09,76.6
2014-02-10,78.9
2014-02-11,79.0
2014-02-12,79.5
2014-02-13,80.4
2014-02-14,80.7
2014-02-15,81.5
2014-02-16,83.5
2014-02-17,84.4
2014-02-18,81.6
2014-02-19,81.7
2014-02-20,80.0
2014-02-21,81.1
2014-02-22,80.7
2014-02-23,80.1
2014-02-24,76.5
2014-02-25,80.6
2014-02-26,81.0
2014-02-27,81.7
2014-02-28,82.4
2014-03-01,81.7
2014-03-02,82.3
2014-03-03,84.0
2014-03-04,83.4
2014-03-05,82.8
2014-03-06,83.3
2014-03-07,83.2
2014-03-08,82.8
2014-03-09,81.9
2014-03-10,83.3
2014-03-11,82.9
2014-03-12,82.0
2014-03-13,82.0
2014-03-14,81.4
2014-03-15,81.6
2014-03-16,82.2
2014-03-17,83.9
2014-03-18,84.7
2014-03-19,85.7
2014-03-20,85.9
2014-03-21,88.0
2014-03-22,87.5
2014-03-23,87.6
2014-03-24,86.2
2014-03-25,86.1
2014-03-26,84.1
2014-03-27,85.5
2014-03-28,85.0
2014-03-29,86.0
2014-03-30,85.8
2014-03-31,87.3
2014-04-01,87.6
2014-04-02,89.1
2014-04-03,88.5
2014-04-04,88.4
2014-04-05,88.6
2014-04-06,89.8
2014-04-07,90.4
2014-04-08,91.2
2014-04-09,90.7
2014-04-10,90.3
2014-04-11,91.3
2014-04-12,91.0
2014-04-13,90.3
2014-04-14,90.2
2014-04-15,88.2
2014-04-16,90.0
2014-04-17,90.1
2014-04-18,91.6
2014-04-19,89.7
2014-04-20,89.7
2014-04-21,89.2
2014-04-22,89.3
2014-04-23,90.6
2014-04-24,91.9
2014-04-25,92.1
2014-04-26,92.6
2014-04-27,92.3
2014-04-28,92.6
2014-04-29,91.5
2014-04-30,89.5
2014-05-01,91.3
2014-05-02,91.4
2014-05-03,87.7
2014-05-04,89.6
2014-05-05,80.0
2014-05-06,82.0
2014-05-07,77.5
2014-05-08,80.6
2014-05-09,85.3
2014-05-10,89.5
2014-05-11,90.2
2014-05-12,91.6
2014-05-13,90.6
2014-05-14,90.7
2014-05-15,90.6
2014-05-16,91.8
2014-05-17,90.4
2014-05-18,90.8
2014-05-19,90.9
2014-05-20,89.2
2014-05-21,87.5
2014-05-22,90.8
2014-05-23,89.1
2014-05-24,86.8
2014-05-25,89.0
2014-05-26,89.9
2014-05-27,89.7
2014-05-28,85.9
2014-05-29,89.5
2014-05-30,90.1
2014-05-31,91.3
2014-06-01,92.4
2014-06-02,88.1
2014-06-03,88.0
2014-06-04,90.3
2014-06-05,91.4
2014-06-06,91.2
2014-06-07,91.1
2014-06-08,91.0
2014-06-09,89.2
2014-06-10,89.1
2014-06-11,90.8
2014-06-12,90.6
2014-06-13,89.1
2014-06-14,91.5
2014-06-15,91.5
2014-06-16,91.2
2014-06-17,90.3
2014-06-18,90.3
2014-06-19,89.6
2014-06-20,90.1
2014-06-21,90.3
2014-06-22,90.6
2014-06-23,90.8
2014-06-24,91.4
2014-06-25,91.1
2014-06-26,91.1
2014-06-27,91.9
2014-06-28,89.5
2014-06-29,90.3
2014-06-30,86.4
2014-07-01,89.1
2014-07-02,90.9
2014-07-03,91.2
2014-07-04,90.4
2014-07-05,90.0
2014-07-06,88.4
2014-07-07,86.6
2014-07-08,88.7
2014-07-09,89.3
2014-07-10,86.2
2014-07-11,86.6
2014-07-12,88.9
2014-07-13,87.0
2014-07-14,86.5
2014-07-15,88.0
2014-07-16,89.2
2014-07-17,90.9
2014-07-18,89.5
2014-07-19,88.8
2014-07-20,89.5
2014-07-21,88.0
2014-07-22,87.9
2014-07-23,87.5
2014-07-24,89.6
2014-07-25,88.8
2014-07-26,89.6
2014-07-27,89.5
2014-07-28,89.4
2014-07-29,89.4
2014-07-30,89.7
2014-07-31,90.3
2014-08-01,88.2
2014-08-02,86.4
2014-08-03,89.3
2014-08-04,89.5
2014-08-05,89.3
2014-08-06,89.3
2014-08-07,88.3
2014-08-08,89.0
2014-08-09,87.6
2014-08-10,87.6
2014-08-11,86.4
2014-08-12,89.9
2014-08-13,87.9
2014-08-14,86.9
2014-08-15,88.1
2014-08-16,87.5
2014-08-17,86.5
2014-08-18,83.3
2014-08-19,86.2
2014-08-20,85.3
2014-08-21,88.1
2014-08-22,87.3
2014-08-23,82.2
2014-08-24,85.4
2014-08-25,86.2
2014-08-26,87.5
2014-08-27,85.6
2014-08-28,86.3
2014-08-29,86.0
2014-08-30,86.8
2014-08-31,87.2
2014-09-01,88.0
2014-09-02,87.1
2014-09-03,86.3
2014-09-04,86.6
2014-09-05,87.5
2014-09-06,87.6
2014-09-07,85.9
2014-09-08,88.8
2014-09-09,88.7
2014-09-10,88.8
2014-09-11,89.1
2014-09-12,87.4
2014-09-13,88.8
2014-09-14,85.7
2014-09-15,89.4
2014-09-16,88.6
2014-09-17,89.4
2014-09-18,88.8
2014-09-19,89.4
2014-09-20,89.4
2014-09-21,89.9
2014-09-22,87.5
2014-09-23,87.7
2014-09-24,86.1
2014-09-25,85.9
2014-09-26,85.2
2014-09-27,85.8
2014-09-28,84.9
2014-09-29,85.3
2014-09-30,83.5
2014-10-01,86.2
2014-10-02,86.4
2014-10-03,87.8
2014-10-04,88.4
2014-10-05,88.8
2014-10-06,87.7
2014-10-07,85.4
2014-10-08,85.1
2014-10-09,87.0
2014-10-10,86.5
2014-10-11,88.7
2014-10-12,88.8
2014-10-13,87.1
2014-10-14,86.4
2014-10-15,83.5
2014-10-16,85.1
2014-10-17,77.8
2014-10-18,77.1
2014-10-19,76.8
2014-10-20,77.0
2014-10-21,78.8
2014-10-22,79.5
2014-10-23,78.5
2014-10-24,81.9
2014-10-25,81.7
2014-10-26,81.7
2014-10-27,84.2
2014-10-28,81.8
2014-10-29,81.8
2014-10-30,80.9
2014-10-31,80.5
2014-11-01,80.7
2014-11-02,79.9
2014-11-03,77.9
2014-11-04,78.9
2014-11-05,80.5
2014-11-06,80.8
2014-11-07,81.4
2014-11-08,82.7
2014-11-09,82.7
2014-11-10,82.5
2014-11-11,80.1
2014-11-12,77.6
2014-11-13,77.2
2014-11-14,78.2
2014-11-15,81.1
2014-11-16,81.2
2014-11-17,79.9
2014-11-18,77.8
2014-11-19,79.5
2014-11-20,79.1
2014-11-21,79.6
2014-11-22,77.9
2014-11-23,78.8
2014-11-24,78.2
2014-11-25,78.7
2014-11-26,78.4
2014-11-27,77.7
2014-11-28,73.1
2014-11-29,75.3
2014-11-30,74.4
2014-12-01,73.9
2014-12-02,76.0
2014-12-03,76.4
2014-12-04,76.4
2014-12-05,75.5
2014-12-06,77.9
2014-12-07,79.8
2014-12-08,81.1
2014-12-09,80.0
2014-12-10,79.5
2014-12-11,80.0
2014-12-12,79.2
2014-12-13,79.1
2014-12-14,78.0
2014-12-15,80.1
2014-12-16,78.2
2014-12-17,76.4
2014-12-18,75.8
2014-12-19,75.8
2014-12-20,76.3
2014-12-21,77.5
2014-12-22,77.4
2014-12-23,78.0
2014-12-24,79.0
2014-12-25,77.9
2014-12-26,77.0
2014-12-27,76.7
2014-12-28,74.8
2014-12-29,77.1
2014-12-30,80.7
2014-12-31,81.1
2015-01-01,80.3
2015-01-02,81.2
2015-01-03,81.1
2015-01-04,81.4
2015-01-05,80.7
2015-01-06,79.4
2015-01-07,79.2
2015-01-08,79.3
2015-01-09,79.5
2015-01-10,77.5
2015-01-11,76.1
2015-01-12,75.7
2015-01-13,76.4
2015-01-14,76.3
2015-01-15,76.4
2015-01-16,78.0
2015-01-17,78.0
2015-01-18,77.1
2015-01-19,77.1
2015-01-20,75.8
2015-01-21,77.1
2015-01-22,78.3
2015-01-23,77.8
2015-01-24,79.3
2015-01-25,77.9
2015-01-26,78.2
2015-01-27,77.2
2015-01-28,78.6
2015-01-29,79.7
2015-01-30,78.7
2015-01-31,78.7
2015-02-01,77.9
2015-02-02,78.5
2015-02-03,78.2
2015-02-04,78.6
2015-02-05,78.5
2015-02-06,79.9
2015-02-07,79.2
2015-02-08,79.7
2015-02-09,78.8
2015-02-10,78.7
2015-02-11,80.2
2015-02-12,80.9
2015-02-13,82.2
2015-02-14,81.3
2015-02-15,81.3
2015-02-16,80.3
2015-02-17,79.3
2015-02-18,80.0
2015-02-19,80.0
2015-02-20,79.4
2015-02-21,79.2
2015-02-22,80.2
2015-02-23,80.6
2015-02-24,81.9
2015-02-25,82.9
2015-02-26,83.8
2015-02-27,85.0
2015-02-28,86.1
2015-03-01,85.1
2015-03-02,84.9
2015-03-03,85.6
2015-03-04,86.5
2015-03-05,85.8
2015-03-06,86.7
2015-03-07,85.0
2015-03-08,84.7
2015-03-09,84.0
2015-03-10,85.0
2015-03-11,82.3
2015-03-12,83.6
2015-03-13,84.3
2015-03-14,83.4
2015-03-15,81.6
2015-03-16,84.3
2015-03-17,83.5
2015-03-18,84.4
2015-03-19,85.2
2015-03-20,86.1
2015-03-21,85.4
2015-03-22,86.8
2015-03-23,87.1
2015-03-24,88.8
2015-03-25,85.7
2015-03-26,85.5
2015-03-27,85.3
2015-03-28,87.7
2015-03-29,87.1
2015-03-30,87.3
2015-03-31,88.0
2015-04-01,88.7
2015-04-02,89.3
2015-04-03,91.4
2015-04-04,90.7
2015-04-05,90.8
2015-04-06,91.3
2015-04-07,91.1
2015-04-08,87.4
2015-04-09,89.5
2015-04-10,89.1
2015-04-11,90.2
2015-04-12,87.7
2015-04-13,82.1
2015-04-14,84.4
2015-04-15,84.6
2015-04-16,83.9
2015-04-17,83.6
2015-04-18,84.7
2015-04-19,86.5
2015-04-20,87.3
2015-04-21,85.2
2015-04-22,87.1
2015-04-23,89.2
2015-04-24,87.3
2015-04-25,81.5
2015-04-26,83.6
2015-04-27,83.2
2015-04-28,87.2
2015-04-29,88.6
2015-04-30,89.6
2015-05-01,90.4
2015-05-02,90.4
2015-05-03,89.6
2015-05-04,88.3
2015-05-05,88.7
2015-05-06,89.1
2015-05-07,89.9
2015-05-08,90.6
2015-05-09,91.2
2015-05-10,88.1
2015-05-11,83.6
2015-05-12,80.6
2015-05-13,81.5
2015-05-14,81.8
2015-05-15,82.3
2015-05-16,79.9
2015-05-17,82.1
2015-05-18,85.7
2015-05-19,88.0
2015-05-20,89.2
2015-05-21,90.0
2015-05-22,89.4
2015-05-23,89.7
2015-05-24,90.7
2015-05-25,90.8
2015-05-26,90.7
2015-05-27,85.1
2015-05-28,83.4
2015-05-29,88.5
2015-05-30,87.8
2015-05-31,89.4
2015-06-01,87.8
2015-06-02,88.4
2015-06-03,87.4
2015-06-04,86.7
2015-06-05,84.3
2015-06-06,86.2
2015-06-07,89.3
2015-06-08,86.6
2015-06-09,87.4
2015-06-10,88.3
2015-06-11,86.4
2015-06-12,87.4
2015-06-13,86.4
2015-06-14,87.5
2015-06-15,87.2
2015-06-16,85.7
2015-06-17,85.7
2015-06-18,84.8
2015-06-19,86.5
2015-06-20,88.8
2015-06-21,88.1
2015-06-22,89.0
2015-06-23,87.8
2015-06-24,89.5
2015-06-25,89.5
2015-06-26,88.7
2015-06-27,88.9
2015-06-28,90.1
2015-06-29,84.6
2015-06-30,87.4
2015-07-01,89.9
2015-07-02,91.6
2015-07-03,91.2
2015-07-04,91.1
2015-07-05,90.7
2015-07-06,89.2
2015-07-07,89.6
2015-07-08,90.0
2015-07-09,89.8
2015-07-10,88.6
2015-07-11,88.7
2015-07-12,91.2
2015-07-13,91.3
2015-07-14,91.3
2015-07-15,88.9
2015-07-16,91.0
2015-07-17,89.2
2015-07-18,88.8
2015-07-19,86.6
2015-07-20,89.3
2015-07-21,88.0
2015-07-22,89.0
2015-07-23,85.6
2015-07-24,88.6
2015-07-25,88.7
2015-07-26,86.9
2015-07-27,89.8
2015-07-28,89.1
2015-07-29,89.7
2015-07-30,89.8
2015-07-31,89.9
2015-08-01,89.9
2015-08-02,88.1
2015-08-03,87.4
2015-08-04,86.6
2015-08-05,89.2
2015-08-06,90.0
2015-08-07,89.9
2015-08-08,90.3
2015-08-09,89.5
2015-08-10,88.9
2015-08-11,90.4
2015-08-12,88.9
2015-08-13,89.0
2015-08-14,90.5
2015-08-15,89.4
2015-08-16,83.8
2015-08-17,85.6
2015-08-18,87.5
2015-08-19,86.5
2015-08-20,88.0
2015-08-21,85.3
2015-08-22,82.2
2015-08-23,83.6
2015-08-24,87.0
2015-08-25,88.1
2015-08-26,87.0
2015-08-27,88.6
2015-08-28,88.7
2015-08-29,89.0
2015-08-30,89.3
2015-08-31,90.0
2015-09-01,87.9
2015-09-02,86.7
2015-09-03,86.7
2015-09-04,87.3
2015-09-05,84.3
2015-09-06,86.4
2015-09-07,83.9
2015-09-08,87.2
2015-09-09,86.4
2015-09-10,86.2
2015-09-11,88.6
2015-09-12,87.7
2015-09-13,89.1
2015-09-14,89.0
2015-09-15,89.0
2015-09-16,89.8
2015-09-17,90.0
2015-09-18,90.4
2015-09-19,89.3
2015-09-20,87.3
2015-09-21,89.6
2015-09-22,90.2
2015-09-23,89.7
2015-09-24,88.8
2015-09-25,89.0
2015-09-26,88.1
2015-09-27,84.9
2015-09-28,82.8
2015-09-29,82.9
2015-09-30,83.7
2015-10-01,82.5
2015-10-02,84.1
2015-10-03,84.3
2015-10-04,84.9
2015-10-05,81.8
2015-10-06,82.2
2015-10-07,83.7
2015-10-08,85.5
2015-10-09,85.4
2015-10-10,84.8
2015-10-11,84.5
2015-10-12,82.2
2015-10-13,85.5
2015-10-14,85.6
2015-10-15,84.8
2015-10-16,84.8
2015-10-17,83.6
2015-10-18,82.2
2015-10-19,84.1
2015-10-20,85.6
2015-10-21,85.3
2015-10-22,84.5
2015-10-23,84.0
2015-10-24,82.5
2015-10-25,82.5
2015-10-26,82.5
2015-10-27,80.4
2015-10-28,77.6
2015-10-29,80.5
2015-10-30,80.8
2015-10-31,80.0
2015-11-01,80.0
2015-11-02,80.2
2015-11-03,82.5
2015-11-04,80.6
2015-11-05,78.7
2015-11-06,80.6
2015-11-07,79.1
2015-11-08,77.2
2015-11-09,75.3
2015-11-10,78.5
2015-11-11,80.9
2015-11-12,82.3
2015-11-13,79.5
2015-11-14,74.0
2015-11-15,72.4
2015-11-16,77.9
2015-11-17,81.0
2015-11-18,81.1
2015-11-19,81.0
2015-11-20,78.3
2015-11-21,80.7
2015-11-22,76.3
2015-11-23,79.0
2015-11-24,80.0
2015-11-25,79.9
2015-11-26,79.9
2015-11-27,78.9
2015-11-28,78.3
2015-11-29,78.1
2015-11-30,78.0
2015-12-01,78.9
2015-12-02,76.6
2015-12-03,77.4
2015-12-04,77.2
2015-12-05,76.5
2015-12-06,76.0
2015-12-07,75.4
2015-12-08,73.6
2015-12-09,77.0
2015-12-10,78.8
2015-12-11,79.1
2015-12-12,80.6
2015-12-13,81.1
2015-12-14,79.6
2015-12-15,80.0
2015-12-16,77.6
2015-12-17,78.7
2015-12-18,79.5
2015-12-19,80.1
2015-12-20,80.2
2015-12-21,78.8
2015-12-22,78.5
2015-12-23,79.1
2015-12-24,79.0
2015-12-25,79.0
2015-12-26,79.1
2015-12-27,78.9
2015-12-28,78.5
2015-12-29,78.6
2015-12-30,78.0
2015-12-31,77.6
2016-01-01,77.8
2016-01-02,76.7
2016-01-03,76.3
2016-01-04,77.5
2016-01-05,78.3
2016-01-06,78.4
2016-01-07,78.0
2016-01-08,78.8
2016-01-09,77.5
2016-01-10,77.6
2016-01-11,77.4
2016-01-12,76.8
2016-01-13,76.5
2016-01-14,76.7
2016-01-15,76.5
2016-01-16,77.9
2016-01-17,77.1
2016-01-18,78.4
2016-01-19,79.9
2016-01-20,81.5
2016-01-21,80.2
2016-01-22,79.8
2016-01-23,80.3
2016-01-24,79.9
2016-01-25,79.6
2016-01-26,80.3
2016-01-27,79.9
2016-01-28,80.0
2016-01-29,79.8
2016-01-30,79.6
2016-01-31,79.4
2016-02-01,78.9
2016-02-02,78.3
2016-02-03,78.7
2016-02-04,78.4
2016-02-05,78.5
2016-02-06,80.5
2016-02-07,81.7
2016-02-08,82.4
2016-02-09,82.1
2016-02-10,81.3
2016-02-11,80.6
2016-02-12,81.6
2016-02-13,80.4
2016-02-14,80.5
2016-02-15,80.7
2016-02-16,82.1
2016-02-17,82.4
2016-02-18,82.6
2016-02-19,82.4
2016-02-20,84.2
2016-02-21,84.4
2016-02-22,84.3
2016-02-23,82.7
2016-02-24,82.8
2016-02-25,85.1
2016-02-26,84.0
2016-02-27,83.0
2016-02-28,83.9
2016-02-29,83.4
2016-03-01,83.3
2016-03-02,83.7
2016-03-03,83.1
2016-03-04,82.7
2016-03-05,84.0
2016-03-06,83.7
2016-03-07,83.6
2016-03-08,84.3
2016-03-09,85.5
2016-03-10,85.4
2016-03-11,86.0
2016-03-12,87.3
2016-03-13,87.4
2016-03-14,87.6
2016-03-15,88.1
2016-03-16,87.8
2016-03-17,87.9
2016-03-18,86.5
2016-03-19,87.0
2016-03-20,90.5
2016-03-21,89.2
2016-03-22,90.2
2016-03-23,89.7
2016-03-24,89.4
2016-03-25,86.2
2016-03-26,86.0
2016-03-27,85.7
2016-03-28,87.6
2016-03-29,89.4
2016-03-30,87.9
2016-03-31,88.7
2016-04-01,88.9
2016-04-02,89.2
2016-04-03,90.3
2016-04-04,90.1
2016-04-05,91.7
2016-04-06,91.7
2016-04-07,91.2
2016-04-08,91.3
2016-04-09,90.6
2016-04-10,90.8
2016-04-11,91.4
2016-04-12,92.4
2016-04-13,93.3
2016-04-14,92.4
2016-04-15,92.5
2016-04-16,92.4
2016-04-17,91.4
2016-04-18,91.7
2016-04-19,92.5
2016-04-20,92.2
2016-04-21,91.7
2016-04-22,93.7
2016-04-23,94.2
2016-04-24,93.3
2016-04-25,93.4
2016-04-26,92.0
2016-04-27,92.2
2016-04-28,92.2
2016-04-29,93.0
2016-04-30,92.4
2016-05-01,92.0
2016-05-02,92.4
2016-05-03,92.7
2016-05-04,92.3
2016-05-05,91.7
2016-05-06,91.2
2016-05-07,90.0
2016-05-08,91.3
2016-05-09,89.7
2016-05-10,85.2
2016-05-11,82.6
2016-05-12,86.8
2016-05-13,91.8
2016-05-14,90.9
2016-05-15,86.9
2016-05-16,78.3
2016-05-17,79.6
2016-05-18,83.0
2016-05-19,84.0
2016-05-20,85.2
2016-05-21,89.3
2016-05-22,91.4
2016-05-23,93.1
2016-05-24,92.8
2016-05-25,92.2
2016-05-26,92.7
2016-05-27,88.3
2016-05-28,90.1
2016-05-29,89.3
2016-05-30,88.3
2016-05-31,87.1
2016-06-01,88.4
2016-06-02,87.4
2016-06-03,89.2
2016-06-04,88.9
2016-06-05,86.8
2016-06-06,88.8
2016-06-07,87.0
2016-06-08,86.9
2016-06-09,85.7
2016-06-10,88.0
2016-06-11,88.2
2016-06-12,90.3
2016-06-13,89.9
2016-06-14,89.4
2016-06-15,90.2
2016-06-16,88.4
2016-06-17,88.9
2016-06-18,85.4
2016-06-19,88.2
2016-06-20,88.7
2016-06-21,87.6
2016-06-22,85.8
2016-06-23,80.0
2016-06-24,84.5
2016-06-25,86.6
2016-06-26,86.6
2016-06-27,88.0
2016-06-28,86.4
2016-06-29,86.8
2016-06-30,87.6
2016-07-01,90.2
2016-07-02,90.9
2016-07-03,90.7
2016-07-04,88.3
2016-07-05,90.0
2016-07-06,88.7
2016-07-07,89.1
2016-07-08,89.4
2016-07-09,89.0
2016-07-10,88.2
2016-07-11,88.7
2016-07-12,88.6
2016-07-13,89.5
2016-07-14,89.6
2016-07-15,86.6
2016-07-16,85.3
2016-07-17,83.6
2016-07-18,86.1
2016-07-19,86.5
2016-07-20,85.9
2016-07-21,85.9
2016-07-22,86.1
2016-07-23,85.3
2016-07-24,85.9
2016-07-25,84.2
2016-07-26,84.5
2016-07-27,83.1
2016-07-28,84.6
2016-07-29,83.8
2016-07-30,84.6
2016-07-31,86.2
2016-08-01,85.9
2016-08-02,86.1
2016-08-03,88.0
2016-08-04,86.6
2016-08-05,85.3
2016-08-06,88.3
2016-08-07,87.9
2016-08-08,88.8
2016-08-09,88.7
2016-08-10,88.8
2016-08-11,89.3
2016-08-12,89.5
2016-08-13,87.6
2016-08-14,88.0
2016-08-15,88.1
2016-08-16,88.2
2016-08-17,88.1
2016-08-18,89.1
2016-08-19,89.4
2016-08-20,89.5
2016-08-21,88.9
2016-08-22,89.2
2016-08-23,89.8
2016-08-24,90.4
2016-08-25,88.5
2016-08-26,85.4
2016-08-27,84.2
2016-08-28,87.6
2016-08-29,86.8
2016-08-30,83.5
2016-08-31,82.3
2016-09-01,82.8
2016-09-02,83.5
2016-09-03,86.4
2016-09-04,86.5
2016-09-05,86.6
2016-09-06,87.3
2016-09-07,86.4
2016-09-08,87.1
2016-09-09,86.7
2016-09-10,86.5
2016-09-11,85.7
2016-09-12,87.2
2016-09-13,86.5
2016-09-14,86.9
2016-09-15,87.7
2016-09-16,86.3
2016-09-17,87.8
2016-09-18,88.0
2016-09-19,88.4
2016-09-20,88.5
2016-09-21,87.4
2016-09-22,88.8
2016-09-23,88.8
2016-09-24,89.0
2016-09-25,89.3
2016-09-26,89.4
2016-09-27,88.8
2016-09-28,87.2
2016-09-29,85.9
2016-09-30,87.4
2016-10-01,88.1
2016-10-02,88.4
2016-10-03,87.9
2016-10-04,87.9
2016-10-05,87.4
2016-10-06,87.9
2016-10-07,86.7
2016-10-08,87.4
2016-10-09,89.2
2016-10-10,89.6
2016-10-11,88.6
2016-10-12,84.4
2016-10-13,84.2
2016-10-14,85.3
2016-10-15,85.8
2016-10-16,84.5
2016-10-17,85.0
2016-10-18,85.5
2016-10-19,85.9
2016-10-20,83.2
2016-10-21,79.8
2016-10-22,82.4
2016-10-23,83.3
2016-10-24,84.1
2016-10-25,84.0
2016-10-26,84.8
2016-10-27,84.1
2016-10-28,85.4
2016-10-29,85.9
2016-10-30,81.7
2016-10-31,79.9
2016-11-01,83.0
2016-11-02,81.8
2016-11-03,82.9
2016-11-04,83.2
2016-11-05,84.9
2016-11-06,84.6
2016-11-07,83.2
2016-11-08,81.8
2016-11-09,81.2
2016-11-10,81.3
2016-11-12,83.0
2016-11-13,81.9
2016-11-14,84.8
2016-11-15,83.6
2016-11-16,83.6
2016-11-17,82.7
2016-11-18,82.7
2016-11-19,81.3
2016-11-20,81.0
2016-11-21,82.1
2016-11-22,81.5
2016-11-23,81.5
2016-11-24,80.2
2016-11-25,79.3
2016-11-26,80.4
2016-11-27,80.1
2016-11-28,78.1
2016-11-29,77.4
2016-11-30,79.5
2016-12-01,69.0
2016-12-02,71.8
2016-12-03,77.7
2016-12-04,81.0
2016-12-05,80.6
2016-12-06,79.5
2016-12-07,78.9
2016-12-08,81.0
2016-12-09,81.3
2016-12-10,80.1
2016-12-11,79.7
2016-12-12,83.6
2016-12-13,83.6
2016-12-14,81.1
2016-12-15,80.4
2016-12-16,79.3
2016-12-17,79.3
2016-12-18,79.2
2016-12-19,80.3
2016-12-20,78.7
2016-12-21,80.6
2016-12-22,80.4
2016-12-23,78.2
2016-12-24,77.4
2016-12-25,78.2
2016-12-26,78.8
2016-12-27,79.8
2016-12-28,77.1
2016-12-29,79.1
2016-12-30,78.2
2016-12-31,78.1
